Plugin,matric
cpu.cpu.percent-idle
cpu.cpu.percent-interrupt
cpu.cpu.percent-nice
cpu.cpu.percent-softirq
cpu.cpu.percent-steal
cpu.cpu.percent-system
cpu.cpu.percent-user
cpu.cpu.percent-wait
curl_json.curl_json-spokes-sweeper.gauge-spokes-Entity-Gist-Critical
curl_json.curl_json-spokes-sweeper.gauge-spokes-Entity-Gist-Degraded
curl_json.curl_json-spokes-sweeper.gauge-spokes-Entity-Gist-Healthy
curl_json.curl_json-spokes-sweeper.gauge-spokes-Entity-Gist-PlacerEvaluation-Catastrophic
curl_json.curl_json-spokes-sweeper.gauge-spokes-Entity-Gist-PlacerEvaluation-Critical
curl_json.curl_json-spokes-sweeper.gauge-spokes-Entity-Gist-PlacerEvaluation-Grave
curl_json.curl_json-spokes-sweeper.gauge-spokes-Entity-Gist-PlacerEvaluation-Info
curl_json.curl_json-spokes-sweeper.gauge-spokes-Entity-Gist-PlacerEvaluation-Notice
curl_json.curl_json-spokes-sweeper.gauge-spokes-Entity-Gist-PlacerEvaluation-Serious
curl_json.curl_json-spokes-sweeper.gauge-spokes-Entity-Gist-PlacerEvaluation-Warning
curl_json.curl_json-spokes-sweeper.gauge-spokes-Entity-Gist-Reweighted
curl_json.curl_json-spokes-sweeper.gauge-spokes-Entity-Network-Critical
curl_json.curl_json-spokes-sweeper.gauge-spokes-Entity-Network-Degraded
curl_json.curl_json-spokes-sweeper.gauge-spokes-Entity-Network-Healthy
curl_json.curl_json-spokes-sweeper.gauge-spokes-Entity-Network-PlacerEvaluation-Catastrophic
curl_json.curl_json-spokes-sweeper.gauge-spokes-Entity-Network-PlacerEvaluation-Critical
curl_json.curl_json-spokes-sweeper.gauge-spokes-Entity-Network-PlacerEvaluation-Grave
curl_json.curl_json-spokes-sweeper.gauge-spokes-Entity-Network-PlacerEvaluation-Info
curl_json.curl_json-spokes-sweeper.gauge-spokes-Entity-Network-PlacerEvaluation-Notice
curl_json.curl_json-spokes-sweeper.gauge-spokes-Entity-Network-PlacerEvaluation-Serious
curl_json.curl_json-spokes-sweeper.gauge-spokes-Entity-Network-PlacerEvaluation-Warning
curl_json.curl_json-spokes-sweeper.gauge-spokes-Entity-Network-Reweighted
curl_json.curl_json-spokes-sweeper.gauge-spokes-Fleet-Online
curl_json.curl_json-spokes-sweeper.gauge-spokes-Fleet-Unavailable
curl_json.curl_json-spokes-sweeper.gauge-spokes-Replica-Gist-Global-Creating
curl_json.curl_json-spokes-sweeper.gauge-spokes-Replica-Gist-Global-Destroying
curl_json.curl_json-spokes-sweeper.gauge-spokes-Replica-Gist-Global-Dormant
curl_json.curl_json-spokes-sweeper.gauge-spokes-Replica-Gist-Global-Failed
curl_json.curl_json-spokes-sweeper.gauge-spokes-Replica-Gist-Global-Repairing
curl_json.curl_json-spokes-sweeper.gauge-spokes-Replica-Network-Global-Creating
curl_json.curl_json-spokes-sweeper.gauge-spokes-Replica-Network-Global-Destroying
curl_json.curl_json-spokes-sweeper.gauge-spokes-Replica-Network-Global-Dormant
curl_json.curl_json-spokes-sweeper.gauge-spokes-Replica-Network-Global-Failed
curl_json.curl_json-spokes-sweeper.gauge-spokes-Replica-Network-Global-Repairing
curl_json.curl_json-spokes-sweeper.gauge-spokes-ReportLock
df.df-data-user.df_complex-free
df.df-data-user.df_complex-reserved
df.df-data-user.df_complex-used
df.df-dev-shm.df_complex-free
df.df-dev-shm.df_complex-reserved
df.df-dev-shm.df_complex-used
df.df-dev.df_complex-free
df.df-dev.df_complex-reserved
df.df-dev.df_complex-used
df.df-root.df_complex-free
df.df-root.df_complex-reserved
df.df-root.df_complex-used
df.df-run-lock.df_complex-free
df.df-run-lock.df_complex-reserved
df.df-run-lock.df_complex-used
df.df-run-user-501.df_complex-free
df.df-run-user-501.df_complex-reserved
df.df-run-user-501.df_complex-used
df.df-run.df_complex-free
df.df-run.df_complex-reserved
df.df-run.df_complex-used
df.df-sys-fs-cgroup.df_complex-free
df.df-sys-fs-cgroup.df_complex-reserved
df.df-sys-fs-cgroup.df_complex-used
disk.disk-{{ DISK_NAME }}.disk_io_time
disk.disk-{{ DISK_NAME }}.disk_octets
disk.disk-{{ DISK_NAME }}.disk_ops
disk.disk-{{ DISK_NAME }}.disk_time
disk.disk-{{ DISK_NAME }}.pending_operations
elasticsearch.elasticsearch-github-enterprise.bytes-indices_cache_field_size
elasticsearch.elasticsearch-github-enterprise.bytes-indices_merges_current-size
elasticsearch.elasticsearch-github-enterprise.bytes-indices_merges_total-size
elasticsearch.elasticsearch-github-enterprise.bytes-indices_store_size
elasticsearch.elasticsearch-github-enterprise.bytes-jvm_mem_heap-committed
elasticsearch.elasticsearch-github-enterprise.bytes-jvm_mem_heap-used
elasticsearch.elasticsearch-github-enterprise.bytes-jvm_mem_non-heap-committed
elasticsearch.elasticsearch-github-enterprise.bytes-jvm_mem_non-heap-used
elasticsearch.elasticsearch-github-enterprise.bytes-transport_rx_size
elasticsearch.elasticsearch-github-enterprise.bytes-transport_tx_size
elasticsearch.elasticsearch-github-enterprise.counter-http_total_open
elasticsearch.elasticsearch-github-enterprise.counter-indices_cache_field_eviction
elasticsearch.elasticsearch-github-enterprise.counter-indices_docs_deleted
elasticsearch.elasticsearch-github-enterprise.counter-indices_flush_time
elasticsearch.elasticsearch-github-enterprise.counter-indices_flush_total
elasticsearch.elasticsearch-github-enterprise.counter-indices_get_exists-time
elasticsearch.elasticsearch-github-enterprise.counter-indices_get_exists-total
elasticsearch.elasticsearch-github-enterprise.counter-indices_get_missing-time
elasticsearch.elasticsearch-github-enterprise.counter-indices_get_missing-total
elasticsearch.elasticsearch-github-enterprise.counter-indices_get_time
elasticsearch.elasticsearch-github-enterprise.counter-indices_get_total
elasticsearch.elasticsearch-github-enterprise.counter-indices_indexing_delete-time
elasticsearch.elasticsearch-github-enterprise.counter-indices_indexing_delete-total
elasticsearch.elasticsearch-github-enterprise.counter-indices_indexing_index-time
elasticsearch.elasticsearch-github-enterprise.counter-indices_indexing_index-total
elasticsearch.elasticsearch-github-enterprise.counter-indices_merges_time
elasticsearch.elasticsearch-github-enterprise.counter-indices_merges_total
elasticsearch.elasticsearch-github-enterprise.counter-indices_refresh_time
elasticsearch.elasticsearch-github-enterprise.counter-indices_refresh_total
elasticsearch.elasticsearch-github-enterprise.counter-indices_search_fetch-time
elasticsearch.elasticsearch-github-enterprise.counter-indices_search_fetch-total
elasticsearch.elasticsearch-github-enterprise.counter-indices_search_query-time
elasticsearch.elasticsearch-github-enterprise.counter-indices_search_query-total
elasticsearch.elasticsearch-github-enterprise.counter-indices_store_throttle-time
elasticsearch.elasticsearch-github-enterprise.counter-jvm_gc_count
elasticsearch.elasticsearch-github-enterprise.counter-jvm_gc_old-count
elasticsearch.elasticsearch-github-enterprise.counter-jvm_gc_old-time
elasticsearch.elasticsearch-github-enterprise.counter-jvm_gc_time
elasticsearch.elasticsearch-github-enterprise.counter-thread_pool_bulk_completed
elasticsearch.elasticsearch-github-enterprise.counter-thread_pool_bulk_rejected
elasticsearch.elasticsearch-github-enterprise.counter-thread_pool_flush_completed
elasticsearch.elasticsearch-github-enterprise.counter-thread_pool_flush_rejected
elasticsearch.elasticsearch-github-enterprise.counter-thread_pool_generic_completed
elasticsearch.elasticsearch-github-enterprise.counter-thread_pool_generic_rejected
elasticsearch.elasticsearch-github-enterprise.counter-thread_pool_get_completed
elasticsearch.elasticsearch-github-enterprise.counter-thread_pool_get_rejected
elasticsearch.elasticsearch-github-enterprise.counter-thread_pool_index_completed
elasticsearch.elasticsearch-github-enterprise.counter-thread_pool_index_rejected
elasticsearch.elasticsearch-github-enterprise.counter-thread_pool_refresh_completed
elasticsearch.elasticsearch-github-enterprise.counter-thread_pool_refresh_rejected
elasticsearch.elasticsearch-github-enterprise.counter-thread_pool_search_completed
elasticsearch.elasticsearch-github-enterprise.counter-thread_pool_search_rejected
elasticsearch.elasticsearch-github-enterprise.counter-thread_pool_snapshot_completed
elasticsearch.elasticsearch-github-enterprise.counter-thread_pool_snapshot_rejected
elasticsearch.elasticsearch-github-enterprise.counter-thread_pool_warmer_completed
elasticsearch.elasticsearch-github-enterprise.counter-thread_pool_warmer_rejected
elasticsearch.elasticsearch-github-enterprise.counter-transport_rx_count
elasticsearch.elasticsearch-github-enterprise.counter-transport_tx_count
elasticsearch.elasticsearch-github-enterprise.gauge-http_current_open
elasticsearch.elasticsearch-github-enterprise.gauge-indices_docs_count
elasticsearch.elasticsearch-github-enterprise.gauge-indices_get_current
elasticsearch.elasticsearch-github-enterprise.gauge-indices_indexing_delete-current
elasticsearch.elasticsearch-github-enterprise.gauge-indices_indexing_index-current
elasticsearch.elasticsearch-github-enterprise.gauge-indices_merges_current
elasticsearch.elasticsearch-github-enterprise.gauge-indices_merges_current-docs
elasticsearch.elasticsearch-github-enterprise.gauge-indices_merges_total-docs
elasticsearch.elasticsearch-github-enterprise.gauge-indices_search_fetch-current
elasticsearch.elasticsearch-github-enterprise.gauge-indices_search_open-contexts
elasticsearch.elasticsearch-github-enterprise.gauge-indices_search_query-current
elasticsearch.elasticsearch-github-enterprise.gauge-jvm_threads_count
elasticsearch.elasticsearch-github-enterprise.gauge-jvm_threads_peak
elasticsearch.elasticsearch-github-enterprise.gauge-process_open_file_descriptors
elasticsearch.elasticsearch-github-enterprise.gauge-thread_pool_bulk_active
elasticsearch.elasticsearch-github-enterprise.gauge-thread_pool_bulk_largest
elasticsearch.elasticsearch-github-enterprise.gauge-thread_pool_bulk_queue
elasticsearch.elasticsearch-github-enterprise.gauge-thread_pool_bulk_threads
elasticsearch.elasticsearch-github-enterprise.gauge-thread_pool_flush_active
elasticsearch.elasticsearch-github-enterprise.gauge-thread_pool_flush_largest
elasticsearch.elasticsearch-github-enterprise.gauge-thread_pool_flush_queue
elasticsearch.elasticsearch-github-enterprise.gauge-thread_pool_flush_threads
elasticsearch.elasticsearch-github-enterprise.gauge-thread_pool_generic_active
elasticsearch.elasticsearch-github-enterprise.gauge-thread_pool_generic_largest
elasticsearch.elasticsearch-github-enterprise.gauge-thread_pool_generic_queue
elasticsearch.elasticsearch-github-enterprise.gauge-thread_pool_generic_threads
elasticsearch.elasticsearch-github-enterprise.gauge-thread_pool_get_active
elasticsearch.elasticsearch-github-enterprise.gauge-thread_pool_get_largest
elasticsearch.elasticsearch-github-enterprise.gauge-thread_pool_get_queue
elasticsearch.elasticsearch-github-enterprise.gauge-thread_pool_get_threads
elasticsearch.elasticsearch-github-enterprise.gauge-thread_pool_index_active
elasticsearch.elasticsearch-github-enterprise.gauge-thread_pool_index_largest
elasticsearch.elasticsearch-github-enterprise.gauge-thread_pool_index_queue
elasticsearch.elasticsearch-github-enterprise.gauge-thread_pool_index_threads
elasticsearch.elasticsearch-github-enterprise.gauge-thread_pool_refresh_active
elasticsearch.elasticsearch-github-enterprise.gauge-thread_pool_refresh_largest
elasticsearch.elasticsearch-github-enterprise.gauge-thread_pool_refresh_queue
elasticsearch.elasticsearch-github-enterprise.gauge-thread_pool_refresh_threads
elasticsearch.elasticsearch-github-enterprise.gauge-thread_pool_search_active
elasticsearch.elasticsearch-github-enterprise.gauge-thread_pool_search_largest
elasticsearch.elasticsearch-github-enterprise.gauge-thread_pool_search_queue
elasticsearch.elasticsearch-github-enterprise.gauge-thread_pool_search_threads
elasticsearch.elasticsearch-github-enterprise.gauge-thread_pool_snapshot_active
elasticsearch.elasticsearch-github-enterprise.gauge-thread_pool_snapshot_largest
elasticsearch.elasticsearch-github-enterprise.gauge-thread_pool_snapshot_queue
elasticsearch.elasticsearch-github-enterprise.gauge-thread_pool_snapshot_threads
elasticsearch.elasticsearch-github-enterprise.gauge-thread_pool_warmer_active
elasticsearch.elasticsearch-github-enterprise.gauge-thread_pool_warmer_largest
elasticsearch.elasticsearch-github-enterprise.gauge-thread_pool_warmer_queue
elasticsearch.elasticsearch-github-enterprise.gauge-thread_pool_warmer_threads
elasticsearch.elasticsearch-github-enterprise.gauge-transport_server_open
elasticsearch.elasticsearch-github-enterprise.percent-jvm_mem_heap-used-percent
fhcount.fhcount.file_handles-max
fhcount.fhcount.file_handles-unused
fhcount.fhcount.file_handles-used
haproxy.haproxy-backend-403backend.counter-check_transitions
haproxy.haproxy-backend-403backend.counter-retries
haproxy.haproxy-backend-403backend.counter-session_total
haproxy.haproxy-backend-403backend.derive-bytes_in
haproxy.haproxy-backend-403backend.derive-bytes_out
haproxy.haproxy-backend-403backend.derive-denied_request
haproxy.haproxy-backend-403backend.derive-denied_response
haproxy.haproxy-backend-403backend.derive-error_connection
haproxy.haproxy-backend-403backend.derive-error_response
haproxy.haproxy-backend-403backend.derive-redistributed
haproxy.haproxy-backend-403backend.derive-response_1xx
haproxy.haproxy-backend-403backend.derive-response_2xx
haproxy.haproxy-backend-403backend.derive-response_3xx
haproxy.haproxy-backend-403backend.derive-response_4xx
haproxy.haproxy-backend-403backend.derive-response_5xx
haproxy.haproxy-backend-403backend.derive-response_other
haproxy.haproxy-backend-403backend.gauge-queue_current
haproxy.haproxy-backend-403backend.gauge-queue_max
haproxy.haproxy-backend-403backend.gauge-session_current
haproxy.haproxy-backend-403backend.gauge-session_limit
haproxy.haproxy-backend-403backend.gauge-session_max
haproxy.haproxy-backend-403backend.gauge-session_rate
haproxy.haproxy-backend-403backend.gauge-session_rate_max
haproxy.haproxy-backend-414url_too_long.counter-check_transitions
haproxy.haproxy-backend-414url_too_long.counter-retries
haproxy.haproxy-backend-414url_too_long.counter-session_total
haproxy.haproxy-backend-414url_too_long.derive-bytes_in
haproxy.haproxy-backend-414url_too_long.derive-bytes_out
haproxy.haproxy-backend-414url_too_long.derive-denied_request
haproxy.haproxy-backend-414url_too_long.derive-denied_response
haproxy.haproxy-backend-414url_too_long.derive-error_connection
haproxy.haproxy-backend-414url_too_long.derive-error_response
haproxy.haproxy-backend-414url_too_long.derive-redistributed
haproxy.haproxy-backend-414url_too_long.derive-response_1xx
haproxy.haproxy-backend-414url_too_long.derive-response_2xx
haproxy.haproxy-backend-414url_too_long.derive-response_3xx
haproxy.haproxy-backend-414url_too_long.derive-response_4xx
haproxy.haproxy-backend-414url_too_long.derive-response_5xx
haproxy.haproxy-backend-414url_too_long.derive-response_other
haproxy.haproxy-backend-414url_too_long.gauge-queue_current
haproxy.haproxy-backend-414url_too_long.gauge-queue_max
haproxy.haproxy-backend-414url_too_long.gauge-session_current
haproxy.haproxy-backend-414url_too_long.gauge-session_limit
haproxy.haproxy-backend-414url_too_long.gauge-session_max
haproxy.haproxy-backend-414url_too_long.gauge-session_rate
haproxy.haproxy-backend-414url_too_long.gauge-session_rate_max
haproxy.haproxy-backend-actions_mps.counter-check_transitions
haproxy.haproxy-backend-actions_mps.counter-downtime
haproxy.haproxy-backend-actions_mps.counter-retries
haproxy.haproxy-backend-actions_mps.counter-session_total
haproxy.haproxy-backend-actions_mps.derive-bytes_in
haproxy.haproxy-backend-actions_mps.derive-bytes_out
haproxy.haproxy-backend-actions_mps.derive-denied_request
haproxy.haproxy-backend-actions_mps.derive-denied_response
haproxy.haproxy-backend-actions_mps.derive-error_connection
haproxy.haproxy-backend-actions_mps.derive-error_response
haproxy.haproxy-backend-actions_mps.derive-redistributed
haproxy.haproxy-backend-actions_mps.derive-response_1xx
haproxy.haproxy-backend-actions_mps.derive-response_2xx
haproxy.haproxy-backend-actions_mps.derive-response_3xx
haproxy.haproxy-backend-actions_mps.derive-response_4xx
haproxy.haproxy-backend-actions_mps.derive-response_5xx
haproxy.haproxy-backend-actions_mps.derive-response_other
haproxy.haproxy-backend-actions_mps.gauge-queue_current
haproxy.haproxy-backend-actions_mps.gauge-queue_max
haproxy.haproxy-backend-actions_mps.gauge-session_current
haproxy.haproxy-backend-actions_mps.gauge-session_limit
haproxy.haproxy-backend-actions_mps.gauge-session_max
haproxy.haproxy-backend-actions_mps.gauge-session_rate
haproxy.haproxy-backend-actions_mps.gauge-session_rate_max
haproxy.haproxy-backend-actions_token.counter-check_transitions
haproxy.haproxy-backend-actions_token.counter-downtime
haproxy.haproxy-backend-actions_token.counter-retries
haproxy.haproxy-backend-actions_token.counter-session_total
haproxy.haproxy-backend-actions_token.derive-bytes_in
haproxy.haproxy-backend-actions_token.derive-bytes_out
haproxy.haproxy-backend-actions_token.derive-denied_request
haproxy.haproxy-backend-actions_token.derive-denied_response
haproxy.haproxy-backend-actions_token.derive-error_connection
haproxy.haproxy-backend-actions_token.derive-error_response
haproxy.haproxy-backend-actions_token.derive-redistributed
haproxy.haproxy-backend-actions_token.derive-response_1xx
haproxy.haproxy-backend-actions_token.derive-response_2xx
haproxy.haproxy-backend-actions_token.derive-response_3xx
haproxy.haproxy-backend-actions_token.derive-response_4xx
haproxy.haproxy-backend-actions_token.derive-response_5xx
haproxy.haproxy-backend-actions_token.derive-response_other
haproxy.haproxy-backend-actions_token.gauge-queue_current
haproxy.haproxy-backend-actions_token.gauge-queue_max
haproxy.haproxy-backend-actions_token.gauge-session_current
haproxy.haproxy-backend-actions_token.gauge-session_limit
haproxy.haproxy-backend-actions_token.gauge-session_max
haproxy.haproxy-backend-actions_token.gauge-session_rate
haproxy.haproxy-backend-actions_token.gauge-session_rate_max
haproxy.haproxy-backend-alambic.counter-check_transitions
haproxy.haproxy-backend-alambic.counter-downtime
haproxy.haproxy-backend-alambic.counter-retries
haproxy.haproxy-backend-alambic.counter-session_total
haproxy.haproxy-backend-alambic.derive-bytes_in
haproxy.haproxy-backend-alambic.derive-bytes_out
haproxy.haproxy-backend-alambic.derive-denied_request
haproxy.haproxy-backend-alambic.derive-denied_response
haproxy.haproxy-backend-alambic.derive-error_connection
haproxy.haproxy-backend-alambic.derive-error_response
haproxy.haproxy-backend-alambic.derive-redistributed
haproxy.haproxy-backend-alambic.derive-response_1xx
haproxy.haproxy-backend-alambic.derive-response_2xx
haproxy.haproxy-backend-alambic.derive-response_3xx
haproxy.haproxy-backend-alambic.derive-response_4xx
haproxy.haproxy-backend-alambic.derive-response_5xx
haproxy.haproxy-backend-alambic.derive-response_other
haproxy.haproxy-backend-alambic.gauge-queue_current
haproxy.haproxy-backend-alambic.gauge-queue_max
haproxy.haproxy-backend-alambic.gauge-session_current
haproxy.haproxy-backend-alambic.gauge-session_limit
haproxy.haproxy-backend-alambic.gauge-session_max
haproxy.haproxy-backend-alambic.gauge-session_rate
haproxy.haproxy-backend-alambic.gauge-session_rate_max
haproxy.haproxy-backend-alive.counter-check_transitions
haproxy.haproxy-backend-alive.counter-downtime
haproxy.haproxy-backend-alive.counter-retries
haproxy.haproxy-backend-alive.counter-session_total
haproxy.haproxy-backend-alive.derive-bytes_in
haproxy.haproxy-backend-alive.derive-bytes_out
haproxy.haproxy-backend-alive.derive-denied_request
haproxy.haproxy-backend-alive.derive-denied_response
haproxy.haproxy-backend-alive.derive-error_connection
haproxy.haproxy-backend-alive.derive-error_response
haproxy.haproxy-backend-alive.derive-redistributed
haproxy.haproxy-backend-alive.derive-response_1xx
haproxy.haproxy-backend-alive.derive-response_2xx
haproxy.haproxy-backend-alive.derive-response_3xx
haproxy.haproxy-backend-alive.derive-response_4xx
haproxy.haproxy-backend-alive.derive-response_5xx
haproxy.haproxy-backend-alive.derive-response_other
haproxy.haproxy-backend-alive.gauge-queue_current
haproxy.haproxy-backend-alive.gauge-queue_max
haproxy.haproxy-backend-alive.gauge-session_current
haproxy.haproxy-backend-alive.gauge-session_limit
haproxy.haproxy-backend-alive.gauge-session_max
haproxy.haproxy-backend-alive.gauge-session_rate
haproxy.haproxy-backend-alive.gauge-session_rate_max
haproxy.haproxy-backend-babeld_git.counter-check_transitions
haproxy.haproxy-backend-babeld_git.counter-downtime
haproxy.haproxy-backend-babeld_git.counter-retries
haproxy.haproxy-backend-babeld_git.counter-session_total
haproxy.haproxy-backend-babeld_git.derive-bytes_in
haproxy.haproxy-backend-babeld_git.derive-bytes_out
haproxy.haproxy-backend-babeld_git.derive-denied_request
haproxy.haproxy-backend-babeld_git.derive-denied_response
haproxy.haproxy-backend-babeld_git.derive-error_connection
haproxy.haproxy-backend-babeld_git.derive-error_response
haproxy.haproxy-backend-babeld_git.derive-redistributed
haproxy.haproxy-backend-babeld_git.gauge-queue_current
haproxy.haproxy-backend-babeld_git.gauge-queue_max
haproxy.haproxy-backend-babeld_git.gauge-session_current
haproxy.haproxy-backend-babeld_git.gauge-session_limit
haproxy.haproxy-backend-babeld_git.gauge-session_max
haproxy.haproxy-backend-babeld_git.gauge-session_rate
haproxy.haproxy-backend-babeld_git.gauge-session_rate_max
haproxy.haproxy-backend-babeld_http.counter-check_transitions
haproxy.haproxy-backend-babeld_http.counter-downtime
haproxy.haproxy-backend-babeld_http.counter-retries
haproxy.haproxy-backend-babeld_http.counter-session_total
haproxy.haproxy-backend-babeld_http.derive-bytes_in
haproxy.haproxy-backend-babeld_http.derive-bytes_out
haproxy.haproxy-backend-babeld_http.derive-denied_request
haproxy.haproxy-backend-babeld_http.derive-denied_response
haproxy.haproxy-backend-babeld_http.derive-error_connection
haproxy.haproxy-backend-babeld_http.derive-error_response
haproxy.haproxy-backend-babeld_http.derive-redistributed
haproxy.haproxy-backend-babeld_http.derive-response_1xx
haproxy.haproxy-backend-babeld_http.derive-response_2xx
haproxy.haproxy-backend-babeld_http.derive-response_3xx
haproxy.haproxy-backend-babeld_http.derive-response_4xx
haproxy.haproxy-backend-babeld_http.derive-response_5xx
haproxy.haproxy-backend-babeld_http.derive-response_other
haproxy.haproxy-backend-babeld_http.gauge-queue_current
haproxy.haproxy-backend-babeld_http.gauge-queue_max
haproxy.haproxy-backend-babeld_http.gauge-session_current
haproxy.haproxy-backend-babeld_http.gauge-session_limit
haproxy.haproxy-backend-babeld_http.gauge-session_max
haproxy.haproxy-backend-babeld_http.gauge-session_rate
haproxy.haproxy-backend-babeld_http.gauge-session_rate_max
haproxy.haproxy-backend-babeld_ssh.counter-check_transitions
haproxy.haproxy-backend-babeld_ssh.counter-downtime
haproxy.haproxy-backend-babeld_ssh.counter-retries
haproxy.haproxy-backend-babeld_ssh.counter-session_total
haproxy.haproxy-backend-babeld_ssh.derive-bytes_in
haproxy.haproxy-backend-babeld_ssh.derive-bytes_out
haproxy.haproxy-backend-babeld_ssh.derive-denied_request
haproxy.haproxy-backend-babeld_ssh.derive-denied_response
haproxy.haproxy-backend-babeld_ssh.derive-error_connection
haproxy.haproxy-backend-babeld_ssh.derive-error_response
haproxy.haproxy-backend-babeld_ssh.derive-redistributed
haproxy.haproxy-backend-babeld_ssh.gauge-queue_current
haproxy.haproxy-backend-babeld_ssh.gauge-queue_max
haproxy.haproxy-backend-babeld_ssh.gauge-session_current
haproxy.haproxy-backend-babeld_ssh.gauge-session_limit
haproxy.haproxy-backend-babeld_ssh.gauge-session_max
haproxy.haproxy-backend-babeld_ssh.gauge-session_rate
haproxy.haproxy-backend-babeld_ssh.gauge-session_rate_max
haproxy.haproxy-backend-babeld_svn.counter-check_transitions
haproxy.haproxy-backend-babeld_svn.counter-downtime
haproxy.haproxy-backend-babeld_svn.counter-retries
haproxy.haproxy-backend-babeld_svn.counter-session_total
haproxy.haproxy-backend-babeld_svn.derive-bytes_in
haproxy.haproxy-backend-babeld_svn.derive-bytes_out
haproxy.haproxy-backend-babeld_svn.derive-denied_request
haproxy.haproxy-backend-babeld_svn.derive-denied_response
haproxy.haproxy-backend-babeld_svn.derive-error_connection
haproxy.haproxy-backend-babeld_svn.derive-error_response
haproxy.haproxy-backend-babeld_svn.derive-redistributed
haproxy.haproxy-backend-babeld_svn.derive-response_1xx
haproxy.haproxy-backend-babeld_svn.derive-response_2xx
haproxy.haproxy-backend-babeld_svn.derive-response_3xx
haproxy.haproxy-backend-babeld_svn.derive-response_4xx
haproxy.haproxy-backend-babeld_svn.derive-response_5xx
haproxy.haproxy-backend-babeld_svn.derive-response_other
haproxy.haproxy-backend-babeld_svn.gauge-queue_current
haproxy.haproxy-backend-babeld_svn.gauge-queue_max
haproxy.haproxy-backend-babeld_svn.gauge-session_current
haproxy.haproxy-backend-babeld_svn.gauge-session_limit
haproxy.haproxy-backend-babeld_svn.gauge-session_max
haproxy.haproxy-backend-babeld_svn.gauge-session_rate
haproxy.haproxy-backend-babeld_svn.gauge-session_rate_max
haproxy.haproxy-backend-codeload.counter-check_transitions
haproxy.haproxy-backend-codeload.counter-downtime
haproxy.haproxy-backend-codeload.counter-retries
haproxy.haproxy-backend-codeload.counter-session_total
haproxy.haproxy-backend-codeload.derive-bytes_in
haproxy.haproxy-backend-codeload.derive-bytes_out
haproxy.haproxy-backend-codeload.derive-denied_request
haproxy.haproxy-backend-codeload.derive-denied_response
haproxy.haproxy-backend-codeload.derive-error_connection
haproxy.haproxy-backend-codeload.derive-error_response
haproxy.haproxy-backend-codeload.derive-redistributed
haproxy.haproxy-backend-codeload.derive-response_1xx
haproxy.haproxy-backend-codeload.derive-response_2xx
haproxy.haproxy-backend-codeload.derive-response_3xx
haproxy.haproxy-backend-codeload.derive-response_4xx
haproxy.haproxy-backend-codeload.derive-response_5xx
haproxy.haproxy-backend-codeload.derive-response_other
haproxy.haproxy-backend-codeload.gauge-queue_current
haproxy.haproxy-backend-codeload.gauge-queue_max
haproxy.haproxy-backend-codeload.gauge-session_current
haproxy.haproxy-backend-codeload.gauge-session_limit
haproxy.haproxy-backend-codeload.gauge-session_max
haproxy.haproxy-backend-codeload.gauge-session_rate
haproxy.haproxy-backend-codeload.gauge-session_rate_max
haproxy.haproxy-backend-dumbhttp.counter-check_transitions
haproxy.haproxy-backend-dumbhttp.counter-retries
haproxy.haproxy-backend-dumbhttp.counter-session_total
haproxy.haproxy-backend-dumbhttp.derive-bytes_in
haproxy.haproxy-backend-dumbhttp.derive-bytes_out
haproxy.haproxy-backend-dumbhttp.derive-denied_request
haproxy.haproxy-backend-dumbhttp.derive-denied_response
haproxy.haproxy-backend-dumbhttp.derive-error_connection
haproxy.haproxy-backend-dumbhttp.derive-error_response
haproxy.haproxy-backend-dumbhttp.derive-redistributed
haproxy.haproxy-backend-dumbhttp.derive-response_1xx
haproxy.haproxy-backend-dumbhttp.derive-response_2xx
haproxy.haproxy-backend-dumbhttp.derive-response_3xx
haproxy.haproxy-backend-dumbhttp.derive-response_4xx
haproxy.haproxy-backend-dumbhttp.derive-response_5xx
haproxy.haproxy-backend-dumbhttp.derive-response_other
haproxy.haproxy-backend-dumbhttp.gauge-queue_current
haproxy.haproxy-backend-dumbhttp.gauge-queue_max
haproxy.haproxy-backend-dumbhttp.gauge-session_current
haproxy.haproxy-backend-dumbhttp.gauge-session_limit
haproxy.haproxy-backend-dumbhttp.gauge-session_max
haproxy.haproxy-backend-dumbhttp.gauge-session_rate
haproxy.haproxy-backend-dumbhttp.gauge-session_rate_max
haproxy.haproxy-backend-enterprise_manage.counter-check_transitions
haproxy.haproxy-backend-enterprise_manage.counter-downtime
haproxy.haproxy-backend-enterprise_manage.counter-retries
haproxy.haproxy-backend-enterprise_manage.counter-session_total
haproxy.haproxy-backend-enterprise_manage.derive-bytes_in
haproxy.haproxy-backend-enterprise_manage.derive-bytes_out
haproxy.haproxy-backend-enterprise_manage.derive-denied_request
haproxy.haproxy-backend-enterprise_manage.derive-denied_response
haproxy.haproxy-backend-enterprise_manage.derive-error_connection
haproxy.haproxy-backend-enterprise_manage.derive-error_response
haproxy.haproxy-backend-enterprise_manage.derive-redistributed
haproxy.haproxy-backend-enterprise_manage.derive-response_1xx
haproxy.haproxy-backend-enterprise_manage.derive-response_2xx
haproxy.haproxy-backend-enterprise_manage.derive-response_3xx
haproxy.haproxy-backend-enterprise_manage.derive-response_4xx
haproxy.haproxy-backend-enterprise_manage.derive-response_5xx
haproxy.haproxy-backend-enterprise_manage.derive-response_other
haproxy.haproxy-backend-enterprise_manage.gauge-queue_current
haproxy.haproxy-backend-enterprise_manage.gauge-queue_max
haproxy.haproxy-backend-enterprise_manage.gauge-session_current
haproxy.haproxy-backend-enterprise_manage.gauge-session_limit
haproxy.haproxy-backend-enterprise_manage.gauge-session_max
haproxy.haproxy-backend-enterprise_manage.gauge-session_rate
haproxy.haproxy-backend-enterprise_manage.gauge-session_rate_max
haproxy.haproxy-backend-enterprise_manage_backup.counter-check_transitions
haproxy.haproxy-backend-enterprise_manage_backup.counter-downtime
haproxy.haproxy-backend-enterprise_manage_backup.counter-retries
haproxy.haproxy-backend-enterprise_manage_backup.counter-session_total
haproxy.haproxy-backend-enterprise_manage_backup.derive-bytes_in
haproxy.haproxy-backend-enterprise_manage_backup.derive-bytes_out
haproxy.haproxy-backend-enterprise_manage_backup.derive-denied_request
haproxy.haproxy-backend-enterprise_manage_backup.derive-denied_response
haproxy.haproxy-backend-enterprise_manage_backup.derive-error_connection
haproxy.haproxy-backend-enterprise_manage_backup.derive-error_response
haproxy.haproxy-backend-enterprise_manage_backup.derive-redistributed
haproxy.haproxy-backend-enterprise_manage_backup.derive-response_1xx
haproxy.haproxy-backend-enterprise_manage_backup.derive-response_2xx
haproxy.haproxy-backend-enterprise_manage_backup.derive-response_3xx
haproxy.haproxy-backend-enterprise_manage_backup.derive-response_4xx
haproxy.haproxy-backend-enterprise_manage_backup.derive-response_5xx
haproxy.haproxy-backend-enterprise_manage_backup.derive-response_other
haproxy.haproxy-backend-enterprise_manage_backup.gauge-queue_current
haproxy.haproxy-backend-enterprise_manage_backup.gauge-queue_max
haproxy.haproxy-backend-enterprise_manage_backup.gauge-session_current
haproxy.haproxy-backend-enterprise_manage_backup.gauge-session_limit
haproxy.haproxy-backend-enterprise_manage_backup.gauge-session_max
haproxy.haproxy-backend-enterprise_manage_backup.gauge-session_rate
haproxy.haproxy-backend-enterprise_manage_backup.gauge-session_rate_max
haproxy.haproxy-backend-ghes_manage.counter-check_transitions
haproxy.haproxy-backend-ghes_manage.counter-downtime
haproxy.haproxy-backend-ghes_manage.counter-retries
haproxy.haproxy-backend-ghes_manage.counter-session_total
haproxy.haproxy-backend-ghes_manage.derive-bytes_in
haproxy.haproxy-backend-ghes_manage.derive-bytes_out
haproxy.haproxy-backend-ghes_manage.derive-denied_request
haproxy.haproxy-backend-ghes_manage.derive-denied_response
haproxy.haproxy-backend-ghes_manage.derive-error_connection
haproxy.haproxy-backend-ghes_manage.derive-error_response
haproxy.haproxy-backend-ghes_manage.derive-redistributed
haproxy.haproxy-backend-ghes_manage.derive-response_1xx
haproxy.haproxy-backend-ghes_manage.derive-response_2xx
haproxy.haproxy-backend-ghes_manage.derive-response_3xx
haproxy.haproxy-backend-ghes_manage.derive-response_4xx
haproxy.haproxy-backend-ghes_manage.derive-response_5xx
haproxy.haproxy-backend-ghes_manage.derive-response_other
haproxy.haproxy-backend-ghes_manage.gauge-queue_current
haproxy.haproxy-backend-ghes_manage.gauge-queue_max
haproxy.haproxy-backend-ghes_manage.gauge-session_current
haproxy.haproxy-backend-ghes_manage.gauge-session_limit
haproxy.haproxy-backend-ghes_manage.gauge-session_max
haproxy.haproxy-backend-ghes_manage.gauge-session_rate
haproxy.haproxy-backend-ghes_manage.gauge-session_rate_max
haproxy.haproxy-backend-lfs_server.counter-check_transitions
haproxy.haproxy-backend-lfs_server.counter-downtime
haproxy.haproxy-backend-lfs_server.counter-retries
haproxy.haproxy-backend-lfs_server.counter-session_total
haproxy.haproxy-backend-lfs_server.derive-bytes_in
haproxy.haproxy-backend-lfs_server.derive-bytes_out
haproxy.haproxy-backend-lfs_server.derive-denied_request
haproxy.haproxy-backend-lfs_server.derive-denied_response
haproxy.haproxy-backend-lfs_server.derive-error_connection
haproxy.haproxy-backend-lfs_server.derive-error_response
haproxy.haproxy-backend-lfs_server.derive-redistributed
haproxy.haproxy-backend-lfs_server.derive-response_1xx
haproxy.haproxy-backend-lfs_server.derive-response_2xx
haproxy.haproxy-backend-lfs_server.derive-response_3xx
haproxy.haproxy-backend-lfs_server.derive-response_4xx
haproxy.haproxy-backend-lfs_server.derive-response_5xx
haproxy.haproxy-backend-lfs_server.derive-response_other
haproxy.haproxy-backend-lfs_server.gauge-queue_current
haproxy.haproxy-backend-lfs_server.gauge-queue_max
haproxy.haproxy-backend-lfs_server.gauge-session_current
haproxy.haproxy-backend-lfs_server.gauge-session_limit
haproxy.haproxy-backend-lfs_server.gauge-session_max
haproxy.haproxy-backend-lfs_server.gauge-session_rate
haproxy.haproxy-backend-lfs_server.gauge-session_rate_max
haproxy.haproxy-backend-pages_lua.counter-check_transitions
haproxy.haproxy-backend-pages_lua.counter-downtime
haproxy.haproxy-backend-pages_lua.counter-retries
haproxy.haproxy-backend-pages_lua.counter-session_total
haproxy.haproxy-backend-pages_lua.derive-bytes_in
haproxy.haproxy-backend-pages_lua.derive-bytes_out
haproxy.haproxy-backend-pages_lua.derive-denied_request
haproxy.haproxy-backend-pages_lua.derive-denied_response
haproxy.haproxy-backend-pages_lua.derive-error_connection
haproxy.haproxy-backend-pages_lua.derive-error_response
haproxy.haproxy-backend-pages_lua.derive-redistributed
haproxy.haproxy-backend-pages_lua.derive-response_1xx
haproxy.haproxy-backend-pages_lua.derive-response_2xx
haproxy.haproxy-backend-pages_lua.derive-response_3xx
haproxy.haproxy-backend-pages_lua.derive-response_4xx
haproxy.haproxy-backend-pages_lua.derive-response_5xx
haproxy.haproxy-backend-pages_lua.derive-response_other
haproxy.haproxy-backend-pages_lua.gauge-queue_current
haproxy.haproxy-backend-pages_lua.gauge-queue_max
haproxy.haproxy-backend-pages_lua.gauge-session_current
haproxy.haproxy-backend-pages_lua.gauge-session_limit
haproxy.haproxy-backend-pages_lua.gauge-session_max
haproxy.haproxy-backend-pages_lua.gauge-session_rate
haproxy.haproxy-backend-pages_lua.gauge-session_rate_max
haproxy.haproxy-backend-static_maintenance.counter-check_transitions
haproxy.haproxy-backend-static_maintenance.counter-downtime
haproxy.haproxy-backend-static_maintenance.counter-retries
haproxy.haproxy-backend-static_maintenance.counter-session_total
haproxy.haproxy-backend-static_maintenance.derive-bytes_in
haproxy.haproxy-backend-static_maintenance.derive-bytes_out
haproxy.haproxy-backend-static_maintenance.derive-denied_request
haproxy.haproxy-backend-static_maintenance.derive-denied_response
haproxy.haproxy-backend-static_maintenance.derive-error_connection
haproxy.haproxy-backend-static_maintenance.derive-error_response
haproxy.haproxy-backend-static_maintenance.derive-redistributed
haproxy.haproxy-backend-static_maintenance.derive-response_1xx
haproxy.haproxy-backend-static_maintenance.derive-response_2xx
haproxy.haproxy-backend-static_maintenance.derive-response_3xx
haproxy.haproxy-backend-static_maintenance.derive-response_4xx
haproxy.haproxy-backend-static_maintenance.derive-response_5xx
haproxy.haproxy-backend-static_maintenance.derive-response_other
haproxy.haproxy-backend-static_maintenance.gauge-queue_current
haproxy.haproxy-backend-static_maintenance.gauge-queue_max
haproxy.haproxy-backend-static_maintenance.gauge-session_current
haproxy.haproxy-backend-static_maintenance.gauge-session_limit
haproxy.haproxy-backend-static_maintenance.gauge-session_max
haproxy.haproxy-backend-static_maintenance.gauge-session_rate
haproxy.haproxy-backend-static_maintenance.gauge-session_rate_max
haproxy.haproxy-backend-stats.counter-check_transitions
haproxy.haproxy-backend-stats.counter-retries
haproxy.haproxy-backend-stats.counter-session_total
haproxy.haproxy-backend-stats.derive-bytes_in
haproxy.haproxy-backend-stats.derive-bytes_out
haproxy.haproxy-backend-stats.derive-denied_request
haproxy.haproxy-backend-stats.derive-denied_response
haproxy.haproxy-backend-stats.derive-error_connection
haproxy.haproxy-backend-stats.derive-error_response
haproxy.haproxy-backend-stats.derive-redistributed
haproxy.haproxy-backend-stats.derive-response_1xx
haproxy.haproxy-backend-stats.derive-response_2xx
haproxy.haproxy-backend-stats.derive-response_3xx
haproxy.haproxy-backend-stats.derive-response_4xx
haproxy.haproxy-backend-stats.derive-response_5xx
haproxy.haproxy-backend-stats.derive-response_other
haproxy.haproxy-backend-stats.gauge-queue_current
haproxy.haproxy-backend-stats.gauge-queue_max
haproxy.haproxy-backend-stats.gauge-session_current
haproxy.haproxy-backend-stats.gauge-session_limit
haproxy.haproxy-backend-stats.gauge-session_max
haproxy.haproxy-backend-stats.gauge-session_rate
haproxy.haproxy-backend-stats.gauge-session_rate_max
haproxy.haproxy-backend-status.counter-check_transitions
haproxy.haproxy-backend-status.counter-retries
haproxy.haproxy-backend-status.counter-session_total
haproxy.haproxy-backend-status.derive-bytes_in
haproxy.haproxy-backend-status.derive-bytes_out
haproxy.haproxy-backend-status.derive-denied_request
haproxy.haproxy-backend-status.derive-denied_response
haproxy.haproxy-backend-status.derive-error_connection
haproxy.haproxy-backend-status.derive-error_response
haproxy.haproxy-backend-status.derive-redistributed
haproxy.haproxy-backend-status.derive-response_1xx
haproxy.haproxy-backend-status.derive-response_2xx
haproxy.haproxy-backend-status.derive-response_3xx
haproxy.haproxy-backend-status.derive-response_4xx
haproxy.haproxy-backend-status.derive-response_5xx
haproxy.haproxy-backend-status.derive-response_other
haproxy.haproxy-backend-status.gauge-queue_current
haproxy.haproxy-backend-status.gauge-queue_max
haproxy.haproxy-backend-status.gauge-session_current
haproxy.haproxy-backend-status.gauge-session_limit
haproxy.haproxy-backend-status.gauge-session_max
haproxy.haproxy-backend-status.gauge-session_rate
haproxy.haproxy-backend-status.gauge-session_rate_max
haproxy.haproxy-backend-web_unicorns.counter-check_transitions
haproxy.haproxy-backend-web_unicorns.counter-downtime
haproxy.haproxy-backend-web_unicorns.counter-retries
haproxy.haproxy-backend-web_unicorns.counter-session_total
haproxy.haproxy-backend-web_unicorns.derive-bytes_in
haproxy.haproxy-backend-web_unicorns.derive-bytes_out
haproxy.haproxy-backend-web_unicorns.derive-denied_request
haproxy.haproxy-backend-web_unicorns.derive-denied_response
haproxy.haproxy-backend-web_unicorns.derive-error_connection
haproxy.haproxy-backend-web_unicorns.derive-error_response
haproxy.haproxy-backend-web_unicorns.derive-redistributed
haproxy.haproxy-backend-web_unicorns.derive-response_1xx
haproxy.haproxy-backend-web_unicorns.derive-response_2xx
haproxy.haproxy-backend-web_unicorns.derive-response_3xx
haproxy.haproxy-backend-web_unicorns.derive-response_4xx
haproxy.haproxy-backend-web_unicorns.derive-response_5xx
haproxy.haproxy-backend-web_unicorns.derive-response_other
haproxy.haproxy-backend-web_unicorns.gauge-queue_current
haproxy.haproxy-backend-web_unicorns.gauge-queue_max
haproxy.haproxy-backend-web_unicorns.gauge-session_current
haproxy.haproxy-backend-web_unicorns.gauge-session_limit
haproxy.haproxy-backend-web_unicorns.gauge-session_max
haproxy.haproxy-backend-web_unicorns.gauge-session_rate
haproxy.haproxy-backend-web_unicorns.gauge-session_rate_max
haproxy.haproxy-frontend-git_protocol.counter-session_total
haproxy.haproxy-frontend-git_protocol.derive-bytes_in
haproxy.haproxy-frontend-git_protocol.derive-bytes_out
haproxy.haproxy-frontend-git_protocol.derive-denied_request
haproxy.haproxy-frontend-git_protocol.derive-denied_response
haproxy.haproxy-frontend-git_protocol.derive-error_request
haproxy.haproxy-frontend-git_protocol.gauge-request_rate
haproxy.haproxy-frontend-git_protocol.gauge-request_rate_max
haproxy.haproxy-frontend-git_protocol.gauge-session_current
haproxy.haproxy-frontend-git_protocol.gauge-session_limit
haproxy.haproxy-frontend-git_protocol.gauge-session_max
haproxy.haproxy-frontend-git_protocol.gauge-session_rate
haproxy.haproxy-frontend-git_protocol.gauge-session_rate_limit
haproxy.haproxy-frontend-git_protocol.gauge-session_rate_max
haproxy.haproxy-frontend-http_protocol.counter-session_total
haproxy.haproxy-frontend-http_protocol.derive-bytes_in
haproxy.haproxy-frontend-http_protocol.derive-bytes_out
haproxy.haproxy-frontend-http_protocol.derive-denied_request
haproxy.haproxy-frontend-http_protocol.derive-denied_response
haproxy.haproxy-frontend-http_protocol.derive-error_request
haproxy.haproxy-frontend-http_protocol.derive-response_1xx
haproxy.haproxy-frontend-http_protocol.derive-response_2xx
haproxy.haproxy-frontend-http_protocol.derive-response_3xx
haproxy.haproxy-frontend-http_protocol.derive-response_4xx
haproxy.haproxy-frontend-http_protocol.derive-response_5xx
haproxy.haproxy-frontend-http_protocol.derive-response_other
haproxy.haproxy-frontend-http_protocol.gauge-request_rate
haproxy.haproxy-frontend-http_protocol.gauge-request_rate_max
haproxy.haproxy-frontend-http_protocol.gauge-session_current
haproxy.haproxy-frontend-http_protocol.gauge-session_limit
haproxy.haproxy-frontend-http_protocol.gauge-session_max
haproxy.haproxy-frontend-http_protocol.gauge-session_rate
haproxy.haproxy-frontend-http_protocol.gauge-session_rate_limit
haproxy.haproxy-frontend-http_protocol.gauge-session_rate_max
haproxy.haproxy-frontend-https_protocol.counter-session_total
haproxy.haproxy-frontend-https_protocol.derive-bytes_in
haproxy.haproxy-frontend-https_protocol.derive-bytes_out
haproxy.haproxy-frontend-https_protocol.derive-denied_request
haproxy.haproxy-frontend-https_protocol.derive-denied_response
haproxy.haproxy-frontend-https_protocol.derive-error_request
haproxy.haproxy-frontend-https_protocol.derive-response_1xx
haproxy.haproxy-frontend-https_protocol.derive-response_2xx
haproxy.haproxy-frontend-https_protocol.derive-response_3xx
haproxy.haproxy-frontend-https_protocol.derive-response_4xx
haproxy.haproxy-frontend-https_protocol.derive-response_5xx
haproxy.haproxy-frontend-https_protocol.derive-response_other
haproxy.haproxy-frontend-https_protocol.gauge-request_rate
haproxy.haproxy-frontend-https_protocol.gauge-request_rate_max
haproxy.haproxy-frontend-https_protocol.gauge-session_current
haproxy.haproxy-frontend-https_protocol.gauge-session_limit
haproxy.haproxy-frontend-https_protocol.gauge-session_max
haproxy.haproxy-frontend-https_protocol.gauge-session_rate
haproxy.haproxy-frontend-https_protocol.gauge-session_rate_limit
haproxy.haproxy-frontend-https_protocol.gauge-session_rate_max
haproxy.haproxy-frontend-ssh_protocol.counter-session_total
haproxy.haproxy-frontend-ssh_protocol.derive-bytes_in
haproxy.haproxy-frontend-ssh_protocol.derive-bytes_out
haproxy.haproxy-frontend-ssh_protocol.derive-denied_request
haproxy.haproxy-frontend-ssh_protocol.derive-denied_response
haproxy.haproxy-frontend-ssh_protocol.derive-error_request
haproxy.haproxy-frontend-ssh_protocol.gauge-request_rate
haproxy.haproxy-frontend-ssh_protocol.gauge-request_rate_max
haproxy.haproxy-frontend-ssh_protocol.gauge-session_current
haproxy.haproxy-frontend-ssh_protocol.gauge-session_limit
haproxy.haproxy-frontend-ssh_protocol.gauge-session_max
haproxy.haproxy-frontend-ssh_protocol.gauge-session_rate
haproxy.haproxy-frontend-ssh_protocol.gauge-session_rate_limit
haproxy.haproxy-frontend-ssh_protocol.gauge-session_rate_max
haproxy.haproxy-frontend-stats.counter-session_total
haproxy.haproxy-frontend-stats.derive-bytes_in
haproxy.haproxy-frontend-stats.derive-bytes_out
haproxy.haproxy-frontend-stats.derive-denied_request
haproxy.haproxy-frontend-stats.derive-denied_response
haproxy.haproxy-frontend-stats.derive-error_request
haproxy.haproxy-frontend-stats.derive-response_1xx
haproxy.haproxy-frontend-stats.derive-response_2xx
haproxy.haproxy-frontend-stats.derive-response_3xx
haproxy.haproxy-frontend-stats.derive-response_4xx
haproxy.haproxy-frontend-stats.derive-response_5xx
haproxy.haproxy-frontend-stats.derive-response_other
haproxy.haproxy-frontend-stats.gauge-request_rate
haproxy.haproxy-frontend-stats.gauge-request_rate_max
haproxy.haproxy-frontend-stats.gauge-session_current
haproxy.haproxy-frontend-stats.gauge-session_limit
haproxy.haproxy-frontend-stats.gauge-session_max
haproxy.haproxy-frontend-stats.gauge-session_rate
haproxy.haproxy-frontend-stats.gauge-session_rate_limit
haproxy.haproxy-frontend-stats.gauge-session_rate_max
listener.listener-ernicorn.gauge-active
listener.listener-ernicorn.gauge-queued
listener.listener-gitauth.gauge-active
listener.listener-gitauth.gauge-queued
listener.listener-manage.gauge-active
listener.listener-manage.gauge-queued
listener.listener-unicorn.gauge-active
listener.listener-unicorn.gauge-queued
load.load.load
memcached.memcached.connections-opened
memcached.memcached.df-cache
memcached.memcached.memcached_command-flush
memcached.memcached.memcached_command-get
memcached.memcached.memcached_command-set
memcached.memcached.memcached_command-touch
memcached.memcached.memcached_connections-current
memcached.memcached.memcached_items-current
memcached.memcached.memcached_octets
memcached.memcached.memcached_ops-decr_hits
memcached.memcached.memcached_ops-decr_misses
memcached.memcached.memcached_ops-delete_hits
memcached.memcached.memcached_ops-delete_misses
memcached.memcached.memcached_ops-evictions
memcached.memcached.memcached_ops-hits
memcached.memcached.memcached_ops-incr
memcached.memcached.memcached_ops-incr_hits
memcached.memcached.memcached_ops-incr_misses
memcached.memcached.memcached_ops-misses
memcached.memcached.percent-hitratio
memcached.memcached.percent-incr_hitratio
memcached.memcached.ps_count
memcached.memcached.ps_cputime
memcached.memcached.total_events-listen_disabled
memcached.memcached.uptime
memory.memory.memory-buffered
memory.memory.memory-cached
memory.memory.memory-free
memory.memory.memory-slab_recl
memory.memory.memory-slab_unrecl
memory.memory.memory-used
minio.minio.counter-go_gc_duration_seconds
minio.minio.counter-go_memstats_alloc_bytes_total
minio.minio.counter-go_memstats_frees_total
minio.minio.counter-go_memstats_lookups_total
minio.minio.counter-go_memstats_mallocs_total
minio.minio.counter-internode_rx_bytes_total
minio.minio.counter-internode_tx_bytes_total
minio.minio.counter-process_cpu_seconds_total
minio.minio.counter-promhttp_metric_handler_requests_total_code=200
minio.minio.counter-promhttp_metric_handler_requests_total_code=500
minio.minio.counter-promhttp_metric_handler_requests_total_code=503
minio.minio.counter-s3_requests_current_api=listobjectsv2
minio.minio.counter-s3_requests_current_api=putbucket
minio.minio.counter-s3_requests_total_api=listobjectsv2
minio.minio.counter-s3_requests_total_api=putbucket
minio.minio.counter-s3_rx_bytes_total
minio.minio.counter-s3_ttfb_seconds_api=listobjectsv2
minio.minio.counter-s3_ttfb_seconds_api=listobjectsv2&le=0.05
minio.minio.counter-s3_ttfb_seconds_api=listobjectsv2&le=0.1
minio.minio.counter-s3_ttfb_seconds_api=listobjectsv2&le=0.25
minio.minio.counter-s3_ttfb_seconds_api=listobjectsv2&le=0.5
minio.minio.counter-s3_ttfb_seconds_api=listobjectsv2&le=1
minio.minio.counter-s3_ttfb_seconds_api=listobjectsv2&le=10
minio.minio.counter-s3_ttfb_seconds_api=listobjectsv2&le=2.5
minio.minio.counter-s3_ttfb_seconds_api=listobjectsv2&le=5
minio.minio.counter-s3_ttfb_seconds_api=putbucket
minio.minio.counter-s3_ttfb_seconds_api=putbucket&le=0.05
minio.minio.counter-s3_ttfb_seconds_api=putbucket&le=0.1
minio.minio.counter-s3_ttfb_seconds_api=putbucket&le=0.25
minio.minio.counter-s3_ttfb_seconds_api=putbucket&le=0.5
minio.minio.counter-s3_ttfb_seconds_api=putbucket&le=1
minio.minio.counter-s3_ttfb_seconds_api=putbucket&le=10
minio.minio.counter-s3_ttfb_seconds_api=putbucket&le=2.5
minio.minio.counter-s3_ttfb_seconds_api=putbucket&le=5
minio.minio.counter-s3_tx_bytes_total
minio.minio.gauge-bucket_objects_count_bucket=turboscan
minio.minio.gauge-bucket_objects_histogram_bucket=turboscan&object_size=BETWEEN_1024_B_AND_1_MB
minio.minio.gauge-bucket_objects_histogram_bucket=turboscan&object_size=BETWEEN_10_MB_AND_64_MB
minio.minio.gauge-bucket_objects_histogram_bucket=turboscan&object_size=BETWEEN_128_MB_AND_512_MB
minio.minio.gauge-bucket_objects_histogram_bucket=turboscan&object_size=BETWEEN_1_MB_AND_10_MB
minio.minio.gauge-bucket_objects_histogram_bucket=turboscan&object_size=BETWEEN_64_MB_AND_128_MB
minio.minio.gauge-bucket_objects_histogram_bucket=turboscan&object_size=GREATER_THAN_512_MB
minio.minio.gauge-bucket_objects_histogram_bucket=turboscan&object_size=LESS_THAN_1024_B
minio.minio.gauge-bucket_replication_failed_count_bucket=turboscan
minio.minio.gauge-bucket_replication_failed_size_bucket=turboscan
minio.minio.gauge-bucket_replication_pending_count_bucket=turboscan
minio.minio.gauge-bucket_replication_pending_size_bucket=turboscan
minio.minio.gauge-bucket_replication_received_size_bucket=turboscan
minio.minio.gauge-bucket_replication_successful_size_bucket=turboscan
minio.minio.gauge-bucket_usage_size_bucket=turboscan
minio.minio.gauge-disk_storage_available_disk=_data
minio.minio.gauge-disk_storage_total_disk=_data
minio.minio.gauge-disk_storage_used_disk=_data
minio.minio.gauge-go_gc_duration_seconds&quantile=0
minio.minio.gauge-go_gc_duration_seconds&quantile=0.25
minio.minio.gauge-go_gc_duration_seconds&quantile=0.5
minio.minio.gauge-go_gc_duration_seconds&quantile=0.75
minio.minio.gauge-go_gc_duration_seconds&quantile=1
minio.minio.gauge-go_gc_duration_seconds&sum
minio.minio.gauge-go_goroutines
minio.minio.gauge-go_info_version=go1.16.3
minio.minio.gauge-go_memstats_alloc_bytes
minio.minio.gauge-go_memstats_buck_hash_sys_bytes
minio.minio.gauge-go_memstats_gc_cpu_fraction
minio.minio.gauge-go_memstats_gc_sys_bytes
minio.minio.gauge-go_memstats_heap_alloc_bytes
minio.minio.gauge-go_memstats_heap_idle_bytes
minio.minio.gauge-go_memstats_heap_inuse_bytes
minio.minio.gauge-go_memstats_heap_objects
minio.minio.gauge-go_memstats_heap_released_bytes
minio.minio.gauge-go_memstats_heap_sys_bytes
minio.minio.gauge-go_memstats_last_gc_time_seconds
minio.minio.gauge-go_memstats_mcache_inuse_bytes
minio.minio.gauge-go_memstats_mcache_sys_bytes
minio.minio.gauge-go_memstats_mspan_inuse_bytes
minio.minio.gauge-go_memstats_mspan_sys_bytes
minio.minio.gauge-go_memstats_next_gc_bytes
minio.minio.gauge-go_memstats_other_sys_bytes
minio.minio.gauge-go_memstats_stack_inuse_bytes
minio.minio.gauge-go_memstats_stack_sys_bytes
minio.minio.gauge-go_memstats_sys_bytes
minio.minio.gauge-go_threads
minio.minio.gauge-minio_capacity_raw_free_total
minio.minio.gauge-minio_capacity_raw_total
minio.minio.gauge-minio_capacity_usable_free_total
minio.minio.gauge-minio_capacity_usable_total
minio.minio.gauge-minio_disks_offline
minio.minio.gauge-minio_disks_total
minio.minio.gauge-minio_nodes_offline
minio.minio.gauge-minio_nodes_online
minio.minio.gauge-minio_version_info_commit=a7acfa6158ea53c7a38f2034d85fbb8c8111e08a&version=2021-04-22T15:44:28Z
minio.minio.gauge-process_max_fds
minio.minio.gauge-process_open_fds
minio.minio.gauge-process_resident_memory_bytes
minio.minio.gauge-process_start_time_seconds
minio.minio.gauge-process_virtual_memory_bytes
minio.minio.gauge-process_virtual_memory_max_bytes
minio.minio.gauge-promhttp_metric_handler_requests_in_flight
minio.minio.gauge-s3_ttfb_seconds_api=listobjectsv2&sum
minio.minio.gauge-s3_ttfb_seconds_api=putbucket&sum
mysql.mysql-github.bytes-buffer_pool_size
mysql.mysql-github.bytes-ibuf_size
mysql.mysql-github.gauge-file_num_open_files
mysql.mysql-github.gauge-innodb_activity_count
mysql.mysql-github.gauge-trx_rseg_history_len
mysql.mysql-github.mysql_bpool_bytes-data
mysql.mysql-github.mysql_bpool_bytes-dirty
mysql.mysql-github.mysql_bpool_counters-pages_flushed
mysql.mysql-github.mysql_bpool_counters-read_ahead
mysql.mysql-github.mysql_bpool_counters-read_ahead_evicted
mysql.mysql-github.mysql_bpool_counters-read_ahead_rnd
mysql.mysql-github.mysql_bpool_counters-read_requests
mysql.mysql-github.mysql_bpool_counters-reads
mysql.mysql-github.mysql_bpool_counters-wait_free
mysql.mysql-github.mysql_bpool_counters-write_requests
mysql.mysql-github.mysql_bpool_pages-data
mysql.mysql-github.mysql_bpool_pages-dirty
mysql.mysql-github.mysql_bpool_pages-free
mysql.mysql-github.mysql_bpool_pages-misc
mysql.mysql-github.mysql_bpool_pages-total
mysql.mysql-github.mysql_commands-admin_commands
mysql.mysql-github.mysql_commands-alter_table
mysql.mysql-github.mysql_commands-begin
mysql.mysql-github.mysql_commands-call_procedure
mysql.mysql-github.mysql_commands-change_db
mysql.mysql-github.mysql_commands-commit
mysql.mysql-github.mysql_commands-create_db
mysql.mysql-github.mysql_commands-create_procedure
mysql.mysql-github.mysql_commands-create_table
mysql.mysql-github.mysql_commands-create_user
mysql.mysql-github.mysql_commands-delete
mysql.mysql-github.mysql_commands-drop_procedure
mysql.mysql-github.mysql_commands-drop_table
mysql.mysql-github.mysql_commands-drop_user
mysql.mysql-github.mysql_commands-execute_sql
mysql.mysql-github.mysql_commands-flush
mysql.mysql-github.mysql_commands-grant
mysql.mysql-github.mysql_commands-insert
mysql.mysql-github.mysql_commands-insert_select
mysql.mysql-github.mysql_commands-lock_tables
mysql.mysql-github.mysql_commands-prepare_sql
mysql.mysql-github.mysql_commands-reset
mysql.mysql-github.mysql_commands-rollback
mysql.mysql-github.mysql_commands-select
mysql.mysql-github.mysql_commands-set_option
mysql.mysql-github.mysql_commands-show_create_table
mysql.mysql-github.mysql_commands-show_fields
mysql.mysql-github.mysql_commands-show_replica_status
mysql.mysql-github.mysql_commands-show_slave_status
mysql.mysql-github.mysql_commands-show_status
mysql.mysql-github.mysql_commands-show_storage_engines
mysql.mysql-github.mysql_commands-show_table_status
mysql.mysql-github.mysql_commands-show_tables
mysql.mysql-github.mysql_commands-show_triggers
mysql.mysql-github.mysql_commands-show_variables
mysql.mysql-github.mysql_commands-show_warnings
mysql.mysql-github.mysql_commands-unlock_tables
mysql.mysql-github.mysql_commands-update
mysql.mysql-github.mysql_commands-update_multi
mysql.mysql-github.mysql_handler-commit
mysql.mysql-github.mysql_handler-delete
mysql.mysql-github.mysql_handler-external_lock
mysql.mysql-github.mysql_handler-prepare
mysql.mysql-github.mysql_handler-read_first
mysql.mysql-github.mysql_handler-read_key
mysql.mysql-github.mysql_handler-read_last
mysql.mysql-github.mysql_handler-read_next
mysql.mysql-github.mysql_handler-read_prev
mysql.mysql-github.mysql_handler-read_rnd
mysql.mysql-github.mysql_handler-read_rnd_next
mysql.mysql-github.mysql_handler-rollback
mysql.mysql-github.mysql_handler-update
mysql.mysql-github.mysql_handler-write
mysql.mysql-github.mysql_innodb_data-fsyncs
mysql.mysql-github.mysql_innodb_data-read
mysql.mysql-github.mysql_innodb_data-reads
mysql.mysql-github.mysql_innodb_data-writes
mysql.mysql-github.mysql_innodb_data-written
mysql.mysql-github.mysql_innodb_dblwr-writes
mysql.mysql-github.mysql_innodb_dblwr-written
mysql.mysql-github.mysql_innodb_log-fsyncs
mysql.mysql-github.mysql_innodb_log-waits
mysql.mysql-github.mysql_innodb_log-write_requests
mysql.mysql-github.mysql_innodb_log-writes
mysql.mysql-github.mysql_innodb_log-written
mysql.mysql-github.mysql_innodb_pages-created
mysql.mysql-github.mysql_innodb_pages-read
mysql.mysql-github.mysql_innodb_pages-written
mysql.mysql-github.mysql_innodb_row_lock-time
mysql.mysql-github.mysql_innodb_row_lock-waits
mysql.mysql-github.mysql_innodb_rows-deleted
mysql.mysql-github.mysql_innodb_rows-inserted
mysql.mysql-github.mysql_innodb_rows-read
mysql.mysql-github.mysql_innodb_rows-updated
mysql.mysql-github.mysql_locks-immediate
mysql.mysql-github.mysql_locks-lock_deadlocks
mysql.mysql-github.mysql_locks-lock_row_lock_current_waits
mysql.mysql-github.mysql_locks-lock_timeouts
mysql.mysql-github.mysql_locks-waited
mysql.mysql-github.mysql_octets
mysql.mysql-github.mysql_select-full_join
mysql.mysql-github.mysql_select-full_range_join
mysql.mysql-github.mysql_select-range
mysql.mysql-github.mysql_select-range_check
mysql.mysql-github.mysql_select-scan
mysql.mysql-github.mysql_slow_queries
mysql.mysql-github.mysql_sort-range
mysql.mysql-github.mysql_sort-scan
mysql.mysql-github.mysql_sort_merge_passes
mysql.mysql-github.mysql_sort_rows
mysql.mysql-github.operations-adaptive_hash_searches
mysql.mysql-github.operations-dml_deletes
mysql.mysql-github.operations-dml_inserts
mysql.mysql-github.operations-dml_updates
mysql.mysql-github.operations-ibuf_merges_delete
mysql.mysql-github.operations-ibuf_merges_delete_mark
mysql.mysql-github.operations-ibuf_merges_discard_delete
mysql.mysql-github.operations-ibuf_merges_discard_delete_mark
mysql.mysql-github.operations-ibuf_merges_discard_insert
mysql.mysql-github.operations-ibuf_merges_insert
mysql.mysql-github.operations-innodb_rwlock_s_os_waits
mysql.mysql-github.operations-innodb_rwlock_s_spin_rounds
mysql.mysql-github.operations-innodb_rwlock_s_spin_waits
mysql.mysql-github.operations-innodb_rwlock_x_os_waits
mysql.mysql-github.operations-innodb_rwlock_x_spin_rounds
mysql.mysql-github.operations-innodb_rwlock_x_spin_waits
mysql.mysql-github.operations-os_log_bytes_written
mysql.mysql-github.operations-os_log_pending_fsyncs
mysql.mysql-github.operations-os_log_pending_writes
mysql.mysql-github.threads-cached
mysql.mysql-github.threads-connected
mysql.mysql-github.threads-running
mysql.mysql-github.total_threads-created
mysql.mysql-github.uptime
netlink.netlink-tun0.if_collisions
netlink.netlink-tun0.if_dropped
netlink.netlink-tun0.if_errors
netlink.netlink-tun0.if_multicast
netlink.netlink-tun0.if_octets
netlink.netlink-tun0.if_packets
netlink.netlink-tun0.if_rx_errors-crc
netlink.netlink-tun0.if_rx_errors-fifo
netlink.netlink-tun0.if_rx_errors-frame
netlink.netlink-tun0.if_rx_errors-length
netlink.netlink-tun0.if_rx_errors-missed
netlink.netlink-tun0.if_rx_errors-over
netlink.netlink-tun0.if_rx_nohandler
netlink.netlink-tun0.if_tx_errors-aborted
netlink.netlink-tun0.if_tx_errors-carrier
netlink.netlink-tun0.if_tx_errors-fifo
netlink.netlink-tun0.if_tx_errors-heartbeat
netlink.netlink-tun0.if_tx_errors-window
netlink.netlink-{{ INTERFACE }}.if_collisions
netlink.netlink-{{ INTERFACE }}.if_dropped
netlink.netlink-{{ INTERFACE }}.if_errors
netlink.netlink-{{ INTERFACE }}.if_multicast
netlink.netlink-{{ INTERFACE }}.if_octets
netlink.netlink-{{ INTERFACE }}.if_packets
netlink.netlink-{{ INTERFACE }}.if_rx_errors-crc
netlink.netlink-{{ INTERFACE }}.if_rx_errors-fifo
netlink.netlink-{{ INTERFACE }}.if_rx_errors-frame
netlink.netlink-{{ INTERFACE }}.if_rx_errors-length
netlink.netlink-{{ INTERFACE }}.if_rx_errors-missed
netlink.netlink-{{ INTERFACE }}.if_rx_errors-over
netlink.netlink-{{ INTERFACE }}.if_rx_nohandler
netlink.netlink-{{ INTERFACE }}.if_tx_dropped-class-mq-0:1
netlink.netlink-{{ INTERFACE }}.if_tx_dropped-class-mq-0:2
netlink.netlink-{{ INTERFACE }}.if_tx_dropped-class-mq-0:3
netlink.netlink-{{ INTERFACE }}.if_tx_dropped-class-mq-0:4
netlink.netlink-{{ INTERFACE }}.if_tx_dropped-class-mq-0:5
netlink.netlink-{{ INTERFACE }}.if_tx_dropped-class-mq-0:6
netlink.netlink-{{ INTERFACE }}.if_tx_dropped-class-mq-0:7
netlink.netlink-{{ INTERFACE }}.if_tx_dropped-class-mq-0:8
netlink.netlink-{{ INTERFACE }}.if_tx_dropped-qdisc-fq_codel-0:0
netlink.netlink-{{ INTERFACE }}.if_tx_dropped-qdisc-mq-0:0
netlink.netlink-{{ INTERFACE }}.if_tx_errors-aborted
netlink.netlink-{{ INTERFACE }}.if_tx_errors-carrier
netlink.netlink-{{ INTERFACE }}.if_tx_errors-fifo
netlink.netlink-{{ INTERFACE }}.if_tx_errors-heartbeat
netlink.netlink-{{ INTERFACE }}.if_tx_errors-window
netlink.netlink-{{ INTERFACE }}.ipt_bytes-class-mq-0:1
netlink.netlink-{{ INTERFACE }}.ipt_bytes-class-mq-0:2
netlink.netlink-{{ INTERFACE }}.ipt_bytes-class-mq-0:3
netlink.netlink-{{ INTERFACE }}.ipt_bytes-class-mq-0:4
netlink.netlink-{{ INTERFACE }}.ipt_bytes-class-mq-0:5
netlink.netlink-{{ INTERFACE }}.ipt_bytes-class-mq-0:6
netlink.netlink-{{ INTERFACE }}.ipt_bytes-class-mq-0:7
netlink.netlink-{{ INTERFACE }}.ipt_bytes-class-mq-0:8
netlink.netlink-{{ INTERFACE }}.ipt_bytes-qdisc-fq_codel-0:0
netlink.netlink-{{ INTERFACE }}.ipt_bytes-qdisc-mq-0:0
netlink.netlink-{{ INTERFACE }}.ipt_packets-class-mq-0:1
netlink.netlink-{{ INTERFACE }}.ipt_packets-class-mq-0:2
netlink.netlink-{{ INTERFACE }}.ipt_packets-class-mq-0:3
netlink.netlink-{{ INTERFACE }}.ipt_packets-class-mq-0:4
netlink.netlink-{{ INTERFACE }}.ipt_packets-class-mq-0:5
netlink.netlink-{{ INTERFACE }}.ipt_packets-class-mq-0:6
netlink.netlink-{{ INTERFACE }}.ipt_packets-class-mq-0:7
netlink.netlink-{{ INTERFACE }}.ipt_packets-class-mq-0:8
netlink.netlink-{{ INTERFACE }}.ipt_packets-qdisc-fq_codel-0:0
netlink.netlink-{{ INTERFACE }}.ipt_packets-qdisc-mq-0:0
nginx.nginx.connections-accepted
nginx.nginx.connections-failed
nginx.nginx.connections-handled
nginx.nginx.nginx_connections-active
nginx.nginx.nginx_connections-reading
nginx.nginx.nginx_connections-waiting
nginx.nginx.nginx_connections-writing
nginx.nginx.nginx_requests
nomad.nomad.gauge-{{ NOMAD_JOB }}[0]_cpustats_percent
nomad.nomad.gauge-{{ NOMAD_JOB }}[0]_cpustats_throttledperiods
nomad.nomad.gauge-{{ NOMAD_JOB }}[0]_cpustats_throttledtime
nomad.nomad.gauge-{{ NOMAD_JOB }}[0]_memorystats_cache
nomad.nomad.gauge-{{ NOMAD_JOB }}[0]_memorystats_maxusage
nomad.nomad.gauge-{{ NOMAD_JOB }}[0]_memorystats_rss
nomad.nomad.gauge-{{ NOMAD_JOB }}[0]_memorystats_swap
nomad.nomad.gauge-{{ NOMAD_JOB }}[0]_memorystats_usage
processes.processes-{{ PROCESS }}.disk_octets
processes.processes-{{ PROCESS }}.io_octets
processes.processes-{{ PROCESS }}.io_ops
processes.processes-{{ PROCESS }}.ps_code
processes.processes-{{ PROCESS }}.ps_count
processes.processes-{{ PROCESS }}.ps_cputime
processes.processes-{{ PROCESS }}.ps_data
processes.processes-{{ PROCESS }}.ps_pagefaults
processes.processes-{{ PROCESS }}.ps_rss
processes.processes-{{ PROCESS }}.ps_stacksize
processes.processes-{{ PROCESS }}.ps_vm
protocols.protocols-Tcp.protocol_counter-ActiveOpens
protocols.protocols-Tcp.protocol_counter-AttemptFails
protocols.protocols-Tcp.protocol_counter-CurrEstab
protocols.protocols-Tcp.protocol_counter-EstabResets
protocols.protocols-Tcp.protocol_counter-InCsumErrors
protocols.protocols-Tcp.protocol_counter-InErrs
protocols.protocols-Tcp.protocol_counter-InSegs
protocols.protocols-Tcp.protocol_counter-MaxConn
protocols.protocols-Tcp.protocol_counter-OutRsts
protocols.protocols-Tcp.protocol_counter-OutSegs
protocols.protocols-Tcp.protocol_counter-PassiveOpens
protocols.protocols-Tcp.protocol_counter-RetransSegs
protocols.protocols-Tcp.protocol_counter-RtoAlgorithm
protocols.protocols-Tcp.protocol_counter-RtoMax
protocols.protocols-Tcp.protocol_counter-RtoMin
protocols.protocols-TcpExt.protocol_counter-ListenDrops
protocols.protocols-TcpExt.protocol_counter-ListenOverflows
protocols.protocols-Udp.protocol_counter-IgnoredMulti
protocols.protocols-Udp.protocol_counter-InCsumErrors
protocols.protocols-Udp.protocol_counter-InDatagrams
protocols.protocols-Udp.protocol_counter-InErrors
protocols.protocols-Udp.protocol_counter-NoPorts
protocols.protocols-Udp.protocol_counter-OutDatagrams
protocols.protocols-Udp.protocol_counter-RcvbufErrors
protocols.protocols-Udp.protocol_counter-SndbufErrors
redis.redis-github.blocked_clients
redis.redis-github.cache_result-hits
redis.redis-github.cache_result-misses
redis.redis-github.current_connections-clients
redis.redis-github.current_connections-slaves
redis.redis-github.evicted_keys
redis.redis-github.expired_keys
redis.redis-github.memory
redis.redis-github.memory_lua
redis.redis-github.percent-hitratio
redis.redis-github.ps_cputime-children
redis.redis-github.ps_cputime-daemon
redis.redis-github.pubsub-channels
redis.redis-github.pubsub-patterns
redis.redis-github.records-0
redis.redis-github.records-1
redis.redis-github.records-2
redis.redis-github.records-5
redis.redis-github.total_bytes-input
redis.redis-github.total_bytes-output
redis.redis-github.total_connections
redis.redis-github.total_operations
redis.redis-github.uptime
redis.redis-github.volatile_changes
statsd.statsd.derive-alive.router.kafka.request.pending
statsd.statsd.derive-aqueduct-lite.request.count.200
statsd.statsd.derive-aqueduct-lite.request.count.github-production.advanced_security.aqueduct_api_v1.Ack.200
statsd.statsd.derive-aqueduct-lite.request.count.github-production.advanced_security.aqueduct_api_v1.Send.200
statsd.statsd.derive-aqueduct-lite.request.count.github-production.archive_restore.aqueduct_api_v1.Ack.200
statsd.statsd.derive-aqueduct-lite.request.count.github-production.archive_restore.aqueduct_api_v1.Send.200
statsd.statsd.derive-aqueduct-lite.request.count.github-production.audit_logs.aqueduct_api_v1.Ack.200
statsd.statsd.derive-aqueduct-lite.request.count.github-production.audit_logs.aqueduct_api_v1.Send.200
statsd.statsd.derive-aqueduct-lite.request.count.github-production.background_destroy.aqueduct_api_v1.Ack.200
statsd.statsd.derive-aqueduct-lite.request.count.github-production.background_destroy.aqueduct_api_v1.Send.200
statsd.statsd.derive-aqueduct-lite.request.count.github-production.calculate_topic_applied_counts.aqueduct_api_v1.Ack.200
statsd.statsd.derive-aqueduct-lite.request.count.github-production.calculate_topic_applied_counts.aqueduct_api_v1.Send.200
statsd.statsd.derive-aqueduct-lite.request.count.github-production.checks_delete_archived.aqueduct_api_v1.Ack.200
statsd.statsd.derive-aqueduct-lite.request.count.github-production.checks_delete_archived.aqueduct_api_v1.Send.200
statsd.statsd.derive-aqueduct-lite.request.count.github-production.checks_rollup_archive.aqueduct_api_v1.Ack.200
statsd.statsd.derive-aqueduct-lite.request.count.github-production.checks_rollup_archive.aqueduct_api_v1.Send.200
statsd.statsd.derive-aqueduct-lite.request.count.github-production.clean_up_deleted_teams.aqueduct_api_v1.Ack.200
statsd.statsd.derive-aqueduct-lite.request.count.github-production.clean_up_deleted_teams.aqueduct_api_v1.Send.200
statsd.statsd.derive-aqueduct-lite.request.count.github-production.code_scanning.aqueduct_api_v1.Ack.200
statsd.statsd.derive-aqueduct-lite.request.count.github-production.code_scanning.aqueduct_api_v1.Send.200
statsd.statsd.derive-aqueduct-lite.request.count.github-production.collect_metrics.aqueduct_api_v1.Ack.200
statsd.statsd.derive-aqueduct-lite.request.count.github-production.collect_metrics.aqueduct_api_v1.Send.200
statsd.statsd.derive-aqueduct-lite.request.count.github-production.delete_expired_reserved_login_tombstones.aqueduct_api_v1.Ack.200
statsd.statsd.derive-aqueduct-lite.request.count.github-production.delete_expired_reserved_login_tombstones.aqueduct_api_v1.Send.200
statsd.statsd.derive-aqueduct-lite.request.count.github-production.deliver_hook_event.aqueduct_api_v1.Ack.200
statsd.statsd.derive-aqueduct-lite.request.count.github-production.deliver_hook_event.aqueduct_api_v1.Send.200
statsd.statsd.derive-aqueduct-lite.request.count.github-production.dependabot.aqueduct_api_v1.Ack.200
statsd.statsd.derive-aqueduct-lite.request.count.github-production.dependabot.aqueduct_api_v1.Send.200
statsd.statsd.derive-aqueduct-lite.request.count.github-production.dgit_schedulers.aqueduct_api_v1.Ack.200
statsd.statsd.derive-aqueduct-lite.request.count.github-production.dgit_schedulers.aqueduct_api_v1.Send.200
statsd.statsd.derive-aqueduct-lite.request.count.github-production.dpages_evacuations_scheduler.aqueduct_api_v1.Ack.200
statsd.statsd.derive-aqueduct-lite.request.count.github-production.dpages_evacuations_scheduler.aqueduct_api_v1.Send.200
statsd.statsd.derive-aqueduct-lite.request.count.github-production.dpages_maintenance_scheduler.aqueduct_api_v1.Ack.200
statsd.statsd.derive-aqueduct-lite.request.count.github-production.dpages_maintenance_scheduler.aqueduct_api_v1.Send.200
statsd.statsd.derive-aqueduct-lite.request.count.github-production.gist_maintenance_scheduler.aqueduct_api_v1.Ack.200
statsd.statsd.derive-aqueduct-lite.request.count.github-production.gist_maintenance_scheduler.aqueduct_api_v1.Send.200
statsd.statsd.derive-aqueduct-lite.request.count.github-production.github_connect.aqueduct_api_v1.Ack.200
statsd.statsd.derive-aqueduct-lite.request.count.github-production.github_connect.aqueduct_api_v1.Send.200
statsd.statsd.derive-aqueduct-lite.request.count.github-production.index_high.aqueduct_api_v1.Ack.200
statsd.statsd.derive-aqueduct-lite.request.count.github-production.index_high.aqueduct_api_v1.Send.200
statsd.statsd.derive-aqueduct-lite.request.count.github-production.invalidate_expired_invites.aqueduct_api_v1.Ack.200
statsd.statsd.derive-aqueduct-lite.request.count.github-production.invalidate_expired_invites.aqueduct_api_v1.Send.200
statsd.statsd.derive-aqueduct-lite.request.count.github-production.lfs.aqueduct_api_v1.Ack.200
statsd.statsd.derive-aqueduct-lite.request.count.github-production.lfs.aqueduct_api_v1.Send.200
statsd.statsd.derive-aqueduct-lite.request.count.github-production.low.aqueduct_api_v1.Ack.200
statsd.statsd.derive-aqueduct-lite.request.count.github-production.low.aqueduct_api_v1.Send.200
statsd.statsd.derive-aqueduct-lite.request.count.github-production.memex_project_scheduled_workflow_runner.aqueduct_api_v1.Ack.200
statsd.statsd.derive-aqueduct-lite.request.count.github-production.memex_project_scheduled_workflow_runner.aqueduct_api_v1.Send.200
statsd.statsd.derive-aqueduct-lite.request.count.github-production.network_maintenance_scheduler.aqueduct_api_v1.Ack.200
statsd.statsd.derive-aqueduct-lite.request.count.github-production.network_maintenance_scheduler.aqueduct_api_v1.Send.200
statsd.statsd.derive-aqueduct-lite.request.count.github-production.newsletter_delivery.aqueduct_api_v1.Ack.200
statsd.statsd.derive-aqueduct-lite.request.count.github-production.newsletter_delivery.aqueduct_api_v1.Send.200
statsd.statsd.derive-aqueduct-lite.request.count.github-production.orchestrate_check_steps_deletion.aqueduct_api_v1.Ack.200
statsd.statsd.derive-aqueduct-lite.request.count.github-production.orchestrate_check_steps_deletion.aqueduct_api_v1.Send.200
statsd.statsd.derive-aqueduct-lite.request.count.github-production.pat_access_request_notice_job.aqueduct_api_v1.Ack.200
statsd.statsd.derive-aqueduct-lite.request.count.github-production.pat_access_request_notice_job.aqueduct_api_v1.Send.200
statsd.statsd.derive-aqueduct-lite.request.count.github-production.pat_expiry_notice_job.aqueduct_api_v1.Ack.200
statsd.statsd.derive-aqueduct-lite.request.count.github-production.pat_expiry_notice_job.aqueduct_api_v1.Send.200
statsd.statsd.derive-aqueduct-lite.request.count.github-production.purge_deleted_memex_projects.aqueduct_api_v1.Ack.200
statsd.statsd.derive-aqueduct-lite.request.count.github-production.purge_deleted_memex_projects.aqueduct_api_v1.Send.200
statsd.statsd.derive-aqueduct-lite.request.count.github-production.purge_restorables.aqueduct_api_v1.Ack.200
statsd.statsd.derive-aqueduct-lite.request.count.github-production.purge_restorables.aqueduct_api_v1.Send.200
statsd.statsd.derive-aqueduct-lite.request.count.github-production.purge_stale_render_blobs.aqueduct_api_v1.Ack.200
statsd.statsd.derive-aqueduct-lite.request.count.github-production.purge_stale_render_blobs.aqueduct_api_v1.Send.200
statsd.statsd.derive-aqueduct-lite.request.count.github-production.purge_stale_upload_manifest_file_blobs.aqueduct_api_v1.Ack.200
statsd.statsd.derive-aqueduct-lite.request.count.github-production.purge_stale_upload_manifest_file_blobs.aqueduct_api_v1.Send.200
statsd.statsd.derive-aqueduct-lite.request.count.github-production.remove_expired_announcements.aqueduct_api_v1.Ack.200
statsd.statsd.derive-aqueduct-lite.request.count.github-production.remove_expired_announcements.aqueduct_api_v1.Send.200
statsd.statsd.derive-aqueduct-lite.request.count.github-production.remove_expired_oauth.aqueduct_api_v1.Ack.200
statsd.statsd.derive-aqueduct-lite.request.count.github-production.remove_expired_oauth.aqueduct_api_v1.Send.200
statsd.statsd.derive-aqueduct-lite.request.count.github-production.repository_bulk_purge.aqueduct_api_v1.Ack.200
statsd.statsd.derive-aqueduct-lite.request.count.github-production.repository_bulk_purge.aqueduct_api_v1.Send.200
statsd.statsd.derive-aqueduct-lite.request.count.github-production.repository_orchestration_sweeper.aqueduct_api_v1.Ack.200
statsd.statsd.derive-aqueduct-lite.request.count.github-production.repository_orchestration_sweeper.aqueduct_api_v1.Send.200
statsd.statsd.derive-aqueduct-lite.request.count.github-production.repository_snapshot_scheduler.aqueduct_api_v1.Ack.200
statsd.statsd.derive-aqueduct-lite.request.count.github-production.repository_snapshot_scheduler.aqueduct_api_v1.Send.200
statsd.statsd.derive-aqueduct-lite.request.count.github-production.security_center_reconciliation.aqueduct_api_v1.Ack.200
statsd.statsd.derive-aqueduct-lite.request.count.github-production.security_center_reconciliation.aqueduct_api_v1.Send.200
statsd.statsd.derive-aqueduct-lite.request.count.github-production.stale_check_runs.aqueduct_api_v1.Ack.200
statsd.statsd.derive-aqueduct-lite.request.count.github-production.stale_check_runs.aqueduct_api_v1.Send.200
statsd.statsd.derive-aqueduct-lite.request.count.github-production.statuses_delete_archived.aqueduct_api_v1.Ack.200
statsd.statsd.derive-aqueduct-lite.request.count.github-production.statuses_delete_archived.aqueduct_api_v1.Send.200
statsd.statsd.derive-aqueduct-lite.request.count.github-production.stop_all_stalled_progress_job.aqueduct_api_v1.Ack.200
statsd.statsd.derive-aqueduct-lite.request.count.github-production.stop_all_stalled_progress_job.aqueduct_api_v1.Send.200
statsd.statsd.derive-aqueduct-lite.request.count.github-production.storage_cluster.aqueduct_api_v1.Ack.200
statsd.statsd.derive-aqueduct-lite.request.count.github-production.storage_cluster.aqueduct_api_v1.Send.200
statsd.statsd.derive-aqueduct-lite.request.count.github-production.wiki_maintenance_scheduler.aqueduct_api_v1.Ack.200
statsd.statsd.derive-aqueduct-lite.request.count.github-production.wiki_maintenance_scheduler.aqueduct_api_v1.Send.200
statsd.statsd.derive-authzd.mysql.conn_open
statsd.statsd.derive-authzd.response_count
statsd.statsd.derive-authzd.success_response_count
statsd.statsd.derive-babeld2hydro.delivery
statsd.statsd.derive-babeld2hydro.loadgeodb
statsd.statsd.derive-consul.raft.apply
statsd.statsd.derive-gitauth.unicorn.other.gc.collections
statsd.statsd.derive-gitauth.unicorn.other.gc.major
statsd.statsd.derive-gitauth.unicorn.other.gc.minor
statsd.statsd.derive-gitauth.unicorn.other.status_code.404.count
statsd.statsd.derive-github.exception.github.count
statsd.statsd.derive-github.unicorn.anon.gc.collections
statsd.statsd.derive-github.unicorn.anon.gc.major
statsd.statsd.derive-github.unicorn.anon.gc.minor
statsd.statsd.derive-github.unicorn.anon.memcached.queries
statsd.statsd.derive-github.unicorn.anon.mysql.queries
statsd.statsd.derive-github.unicorn.anon.status_code.200.count
statsd.statsd.derive-github.unicorn.anon.status_code.302.count
statsd.statsd.derive-github.unicorn.api.gc.collections
statsd.statsd.derive-github.unicorn.api.gc.major
statsd.statsd.derive-github.unicorn.api.gc.minor
statsd.statsd.derive-github.unicorn.api.memcached.queries
statsd.statsd.derive-github.unicorn.api.mysql.queries
statsd.statsd.derive-github.unicorn.api.status_code.200.count
statsd.statsd.derive-github.unicorn.other.gc.collections
statsd.statsd.derive-github.unicorn.other.gc.major
statsd.statsd.derive-github.unicorn.other.gc.minor
statsd.statsd.derive-github.unicorn.other.memcached.queries
statsd.statsd.derive-github.unicorn.other.mysql.queries
statsd.statsd.derive-github.unicorn.other.status_code.200.count
statsd.statsd.derive-github.unicorn.other.status_code.301.count
statsd.statsd.derive-github.unicorn.other.status_code.302.count
statsd.statsd.derive-hookshot.db.sql.max_idle_closed
statsd.statsd.derive-hookshot.db.sql.max_idle_time_closed
statsd.statsd.derive-hookshot.db.sql.max_lifetime_closed
statsd.statsd.derive-hookshot.db.sql.wait_count
statsd.statsd.derive-hookshot.db.sql.wait_duration
statsd.statsd.derive-kafka-lite.broker.by-topic-noop.fetch.cp1-iad-ingest-github-v1-repositorycreate
statsd.statsd.derive-kafka-lite.broker.by-topic-noop.fetch.cp1-iad-ingest-github-v1-repositoryrestored
statsd.statsd.derive-kafka-lite.broker.by-topic-noop.fetch.cp1-iad-ingest-github-v1-repositoryvisibilitychanged
statsd.statsd.derive-kafka-lite.broker.by-topic-noop.fetch.hamzo-v0-publishpackage
statsd.statsd.derive-kafka-lite.broker.by-topic-noop.listoffset.cp1-iad-ingest-github-v1-repositorycreate
statsd.statsd.derive-kafka-lite.broker.by-topic-noop.listoffset.cp1-iad-ingest-github-v1-repositoryrestored
statsd.statsd.derive-kafka-lite.broker.by-topic-noop.listoffset.cp1-iad-ingest-github-v1-repositoryvisibilitychanged
statsd.statsd.derive-kafka-lite.broker.by-topic-noop.listoffset.hamzo-v0-publishpackage
statsd.statsd.derive-kafka-lite.broker.by-topic-noop.metadata.cp1-iad-ingest-github-v1-jobcomplete
statsd.statsd.derive-kafka-lite.broker.by-topic-noop.metadata.cp1-iad-ingest-github-v1-repositorycreate
statsd.statsd.derive-kafka-lite.broker.by-topic-noop.metadata.cp1-iad-ingest-github-v1-repositoryrestored
statsd.statsd.derive-kafka-lite.broker.by-topic-noop.metadata.cp1-iad-ingest-github-v1-repositoryvisibilitychanged
statsd.statsd.derive-kafka-lite.broker.by-topic-noop.metadata.cp1-iad-ingest-github-v1-request
statsd.statsd.derive-kafka-lite.broker.by-topic-noop.metadata.cp1-iad-ingest-github-v1-usersignup
statsd.statsd.derive-kafka-lite.broker.by-topic-noop.metadata.github-webhooks-v0-droppedeventmetadata
statsd.statsd.derive-kafka-lite.broker.by-topic-noop.metadata.hamzo-v0-publishpackage
statsd.statsd.derive-kafka-lite.broker.by-topic-noop.offsetfetch.cp1-iad-ingest-github-v1-repositorycreate
statsd.statsd.derive-kafka-lite.broker.by-topic-noop.offsetfetch.cp1-iad-ingest-github-v1-repositoryrestored
statsd.statsd.derive-kafka-lite.broker.by-topic-noop.offsetfetch.cp1-iad-ingest-github-v1-repositoryvisibilitychanged
statsd.statsd.derive-kafka-lite.broker.by-topic-noop.offsetfetch.hamzo-v0-publishpackage
statsd.statsd.derive-kafka-lite.broker.by-topic-noop.produce.cp1-iad-ingest-github-v1-jobcomplete
statsd.statsd.derive-kafka-lite.broker.by-topic-noop.produce.cp1-iad-ingest-github-v1-request
statsd.statsd.derive-kafka-lite.broker.by-topic-noop.produce.cp1-iad-ingest-github-v1-usersignup
statsd.statsd.derive-kafka-lite.broker.by-topic-noop.produce.github-webhooks-v0-droppedeventmetadata
statsd.statsd.derive-kafka-lite.broker.by-topic.fetch.code_scanning-v0-failedanalysis
statsd.statsd.derive-kafka-lite.broker.by-topic.fetch.code_scanning-v0-newanalysis
statsd.statsd.derive-kafka-lite.broker.by-topic.fetch.code_scanning-v0-processedanalysis
statsd.statsd.derive-kafka-lite.broker.by-topic.fetch.cp1-iad-ingest-audit_log-v2-auditentry
statsd.statsd.derive-kafka-lite.broker.by-topic.fetch.cp1-iad-ingest-github-actions-v0-cacheusage
statsd.statsd.derive-kafka-lite.broker.by-topic.fetch.cp1-iad-ingest-github-billing-v0-meteredadvancedsecuritycontribution
statsd.statsd.derive-kafka-lite.broker.by-topic.fetch.cp1-iad-ingest-github-billing-v0-meteredadvancedsecuritypostreceivebackfill
statsd.statsd.derive-kafka-lite.broker.by-topic.fetch.cp1-iad-ingest-github-billing-v0-meteredadvancedsecuritypostreceivebackfill-deadletter
statsd.statsd.derive-kafka-lite.broker.by-topic.fetch.cp1-iad-ingest-github-memex-v1-memexprojectcolumncreate
statsd.statsd.derive-kafka-lite.broker.by-topic.fetch.cp1-iad-ingest-github-security_center-v0-securityfeaturerepoupdate
statsd.statsd.derive-kafka-lite.broker.by-topic.fetch.cp1-iad-ingest-github-v1-branchprotectionrulechange
statsd.statsd.derive-kafka-lite.broker.by-topic.fetch.cp1-iad-ingest-github-v1-checksuitestatuschange
statsd.statsd.derive-kafka-lite.broker.by-topic.fetch.cp1-iad-ingest-github-v1-environmentdeleted
statsd.statsd.derive-kafka-lite.broker.by-topic.fetch.cp1-iad-ingest-github-v1-gistcreate
statsd.statsd.derive-kafka-lite.broker.by-topic.fetch.cp1-iad-ingest-github-v1-gistupdate
statsd.statsd.derive-kafka-lite.broker.by-topic.fetch.cp1-iad-ingest-github-v1-issueclose
statsd.statsd.derive-kafka-lite.broker.by-topic.fetch.cp1-iad-ingest-github-v1-issuereopen
statsd.statsd.derive-kafka-lite.broker.by-topic.fetch.cp1-iad-ingest-github-v1-issueupdatemilestone
statsd.statsd.derive-kafka-lite.broker.by-topic.fetch.cp1-iad-ingest-github-v1-postreceive
statsd.statsd.derive-kafka-lite.broker.by-topic.fetch.cp1-iad-ingest-github-v1-pullrequestclose
statsd.statsd.derive-kafka-lite.broker.by-topic.fetch.cp1-iad-ingest-github-v1-pullrequestcreate
statsd.statsd.derive-kafka-lite.broker.by-topic.fetch.cp1-iad-ingest-github-v1-pullrequestmerge
statsd.statsd.derive-kafka-lite.broker.by-topic.fetch.cp1-iad-ingest-github-v1-pullrequestreopen
statsd.statsd.derive-kafka-lite.broker.by-topic.fetch.cp1-iad-ingest-github-v1-pullrequestreviewsubmit
statsd.statsd.derive-kafka-lite.broker.by-topic.fetch.cp1-iad-ingest-github-v1-repositorydeleted
statsd.statsd.derive-kafka-lite.broker.by-topic.fetch.cp1-iad-ingest-github-v1-repositorytransfer
statsd.statsd.derive-kafka-lite.broker.by-topic.fetch.cp1-iad-ingest-github-v1-secretscanconfigchange
statsd.statsd.derive-kafka-lite.broker.by-topic.fetch.cp1-iad-ingest-github-v1-securitycenterrepositoryupdate
statsd.statsd.derive-kafka-lite.broker.by-topic.fetch.cp1-iad-ingest-github-v1-tokenscannotify
statsd.statsd.derive-kafka-lite.broker.by-topic.fetch.cp1-iad-ingest-github-v1-userdestroy
statsd.statsd.derive-kafka-lite.broker.by-topic.fetch.cp1-iad-ingest-live_updates-v0-message
statsd.statsd.derive-kafka-lite.broker.by-topic.fetch.cp1-iad-ingest-package_registry-v0-packagedeleted
statsd.statsd.derive-kafka-lite.broker.by-topic.fetch.cp1-iad-ingest-package_registry-v0-packagepublished
statsd.statsd.derive-kafka-lite.broker.by-topic.fetch.cp1-iad-ingest-package_registry-v0-packagetransferred
statsd.statsd.derive-kafka-lite.broker.by-topic.fetch.cp1-iad-ingest-package_registry-v0-packageversiondeleted
statsd.statsd.derive-kafka-lite.broker.by-topic.fetch.cp1-iad-ingest-package_registry-v0-packageversiondownloaded
statsd.statsd.derive-kafka-lite.broker.by-topic.fetch.cp1-iad-ingest-package_registry-v0-packageversionpublished
statsd.statsd.derive-kafka-lite.broker.by-topic.fetch.cp1-iad-ingest-registry_metadata-v0-versionmigrationstatus
statsd.statsd.derive-kafka-lite.broker.by-topic.fetch.cp1-iad-ingest-token_scanning_service-v0-alertevents
statsd.statsd.derive-kafka-lite.broker.by-topic.fetch.cp1-iad-ingest-token_scanning_service-v0-backfillrequest
statsd.statsd.derive-kafka-lite.broker.by-topic.fetch.cp1-iad-ingest-turboscan-v0-alertevent
statsd.statsd.derive-kafka-lite.broker.by-topic.fetch.github-billing-v0-meteredadvancedsecuritycontributionbackfill
statsd.statsd.derive-kafka-lite.broker.by-topic.fetch.github-memex-v0-memexprojectcolumnvaluecreate
statsd.statsd.derive-kafka-lite.broker.by-topic.fetch.github-memex-v0-memexprojectcolumnvaluedestroy
statsd.statsd.derive-kafka-lite.broker.by-topic.fetch.github-memex-v0-memexprojectcolumnvalueupdate
statsd.statsd.derive-kafka-lite.broker.by-topic.fetch.github-memex-v0-memexprojectevent
statsd.statsd.derive-kafka-lite.broker.by-topic.fetch.github-memex-v0-memexprojectviewcreate
statsd.statsd.derive-kafka-lite.broker.by-topic.fetch.github-memex-v0-memexprojectviewdestroy
statsd.statsd.derive-kafka-lite.broker.by-topic.fetch.github-memex-v0-memexprojectviewupdate
statsd.statsd.derive-kafka-lite.broker.by-topic.fetch.github-memex-v0-projectitemcreate
statsd.statsd.derive-kafka-lite.broker.by-topic.fetch.github-memex-v0-projectitemdestroy
statsd.statsd.derive-kafka-lite.broker.by-topic.fetch.github-memex-v0-projectitemupdate
statsd.statsd.derive-kafka-lite.broker.by-topic.fetch.github-memex-v1-memexprojectcolumndestroy
statsd.statsd.derive-kafka-lite.broker.by-topic.fetch.github-memex-v1-memexprojectcolumnupdate
statsd.statsd.derive-kafka-lite.broker.by-topic.fetch.github-memex_automation-v0-issuecreateevent
statsd.statsd.derive-kafka-lite.broker.by-topic.fetch.github-memex_automation-v0-issueupdateevent
statsd.statsd.derive-kafka-lite.broker.by-topic.fetch.github-repositories-v1-created
statsd.statsd.derive-kafka-lite.broker.by-topic.fetch.github-repositories-v1-deleted
statsd.statsd.derive-kafka-lite.broker.by-topic.fetch.github-repositories-v1-transferred
statsd.statsd.derive-kafka-lite.broker.by-topic.fetch.github-repositories-v1-visibilitychanged
statsd.statsd.derive-kafka-lite.broker.by-topic.fetch.github-secret_scanning-v1-issuecommentscan
statsd.statsd.derive-kafka-lite.broker.by-topic.fetch.github-secret_scanning-v1-issuescan
statsd.statsd.derive-kafka-lite.broker.by-topic.fetch.github-security_center-v1-securityfeaturerepoupdate
statsd.statsd.derive-kafka-lite.broker.by-topic.fetch.github-v1-gistpush
statsd.statsd.derive-kafka-lite.broker.by-topic.fetch.github-v1-issueconvertedtodiscussion
statsd.statsd.derive-kafka-lite.broker.by-topic.fetch.github-v1-issueupdateassignee
statsd.statsd.derive-kafka-lite.broker.by-topic.fetch.github-v1-issueupdatelabel
statsd.statsd.derive-kafka-lite.broker.by-topic.fetch.github-v1-pullrequestupdate
statsd.statsd.derive-kafka-lite.broker.by-topic.fetch.octochat-v0-login
statsd.statsd.derive-kafka-lite.broker.by-topic.fetch.pages_deployer-v0-deploymentstatus
statsd.statsd.derive-kafka-lite.broker.by-topic.fetch.registry_metadata-v0-migrationdatasyncevent
statsd.statsd.derive-kafka-lite.broker.by-topic.fetch.token_scanning_service-v0-backfillgrouprequest
statsd.statsd.derive-kafka-lite.broker.by-topic.fetch.token_scanning_service-v0-custompatterndryrunnotify
statsd.statsd.derive-kafka-lite.broker.by-topic.fetch.token_scanning_service-v0-enablementchange
statsd.statsd.derive-kafka-lite.broker.by-topic.fetch.token_scanning_service-v0-jobgroupevent
statsd.statsd.derive-kafka-lite.broker.by-topic.listoffset.code_scanning-v0-failedanalysis
statsd.statsd.derive-kafka-lite.broker.by-topic.listoffset.code_scanning-v0-newanalysis
statsd.statsd.derive-kafka-lite.broker.by-topic.listoffset.code_scanning-v0-processedanalysis
statsd.statsd.derive-kafka-lite.broker.by-topic.listoffset.cp1-iad-ingest-audit_log-v2-auditentry
statsd.statsd.derive-kafka-lite.broker.by-topic.listoffset.cp1-iad-ingest-github-actions-v0-cacheusage
statsd.statsd.derive-kafka-lite.broker.by-topic.listoffset.cp1-iad-ingest-github-billing-v0-meteredadvancedsecuritycontribution
statsd.statsd.derive-kafka-lite.broker.by-topic.listoffset.cp1-iad-ingest-github-billing-v0-meteredadvancedsecuritypostreceivebackfill
statsd.statsd.derive-kafka-lite.broker.by-topic.listoffset.cp1-iad-ingest-github-billing-v0-meteredadvancedsecuritypostreceivebackfill-deadletter
statsd.statsd.derive-kafka-lite.broker.by-topic.listoffset.cp1-iad-ingest-github-memex-v1-memexprojectcolumncreate
statsd.statsd.derive-kafka-lite.broker.by-topic.listoffset.cp1-iad-ingest-github-security_center-v0-securityfeaturerepoupdate
statsd.statsd.derive-kafka-lite.broker.by-topic.listoffset.cp1-iad-ingest-github-v1-branchprotectionrulechange
statsd.statsd.derive-kafka-lite.broker.by-topic.listoffset.cp1-iad-ingest-github-v1-checksuitestatuschange
statsd.statsd.derive-kafka-lite.broker.by-topic.listoffset.cp1-iad-ingest-github-v1-environmentdeleted
statsd.statsd.derive-kafka-lite.broker.by-topic.listoffset.cp1-iad-ingest-github-v1-gistcreate
statsd.statsd.derive-kafka-lite.broker.by-topic.listoffset.cp1-iad-ingest-github-v1-gistupdate
statsd.statsd.derive-kafka-lite.broker.by-topic.listoffset.cp1-iad-ingest-github-v1-issueclose
statsd.statsd.derive-kafka-lite.broker.by-topic.listoffset.cp1-iad-ingest-github-v1-issuereopen
statsd.statsd.derive-kafka-lite.broker.by-topic.listoffset.cp1-iad-ingest-github-v1-issueupdatemilestone
statsd.statsd.derive-kafka-lite.broker.by-topic.listoffset.cp1-iad-ingest-github-v1-postreceive
statsd.statsd.derive-kafka-lite.broker.by-topic.listoffset.cp1-iad-ingest-github-v1-pullrequestclose
statsd.statsd.derive-kafka-lite.broker.by-topic.listoffset.cp1-iad-ingest-github-v1-pullrequestcreate
statsd.statsd.derive-kafka-lite.broker.by-topic.listoffset.cp1-iad-ingest-github-v1-pullrequestmerge
statsd.statsd.derive-kafka-lite.broker.by-topic.listoffset.cp1-iad-ingest-github-v1-pullrequestreopen
statsd.statsd.derive-kafka-lite.broker.by-topic.listoffset.cp1-iad-ingest-github-v1-pullrequestreviewsubmit
statsd.statsd.derive-kafka-lite.broker.by-topic.listoffset.cp1-iad-ingest-github-v1-repositorydeleted
statsd.statsd.derive-kafka-lite.broker.by-topic.listoffset.cp1-iad-ingest-github-v1-repositorytransfer
statsd.statsd.derive-kafka-lite.broker.by-topic.listoffset.cp1-iad-ingest-github-v1-secretscanconfigchange
statsd.statsd.derive-kafka-lite.broker.by-topic.listoffset.cp1-iad-ingest-github-v1-securitycenterrepositoryupdate
statsd.statsd.derive-kafka-lite.broker.by-topic.listoffset.cp1-iad-ingest-github-v1-tokenscannotify
statsd.statsd.derive-kafka-lite.broker.by-topic.listoffset.cp1-iad-ingest-github-v1-userdestroy
statsd.statsd.derive-kafka-lite.broker.by-topic.listoffset.cp1-iad-ingest-live_updates-v0-message
statsd.statsd.derive-kafka-lite.broker.by-topic.listoffset.cp1-iad-ingest-package_registry-v0-packagedeleted
statsd.statsd.derive-kafka-lite.broker.by-topic.listoffset.cp1-iad-ingest-package_registry-v0-packagepublished
statsd.statsd.derive-kafka-lite.broker.by-topic.listoffset.cp1-iad-ingest-package_registry-v0-packagetransferred
statsd.statsd.derive-kafka-lite.broker.by-topic.listoffset.cp1-iad-ingest-package_registry-v0-packageversiondeleted
statsd.statsd.derive-kafka-lite.broker.by-topic.listoffset.cp1-iad-ingest-package_registry-v0-packageversiondownloaded
statsd.statsd.derive-kafka-lite.broker.by-topic.listoffset.cp1-iad-ingest-package_registry-v0-packageversionpublished
statsd.statsd.derive-kafka-lite.broker.by-topic.listoffset.cp1-iad-ingest-registry_metadata-v0-versionmigrationstatus
statsd.statsd.derive-kafka-lite.broker.by-topic.listoffset.cp1-iad-ingest-token_scanning_service-v0-alertevents
statsd.statsd.derive-kafka-lite.broker.by-topic.listoffset.cp1-iad-ingest-token_scanning_service-v0-backfillrequest
statsd.statsd.derive-kafka-lite.broker.by-topic.listoffset.cp1-iad-ingest-turboscan-v0-alertevent
statsd.statsd.derive-kafka-lite.broker.by-topic.listoffset.github-billing-v0-meteredadvancedsecuritycontributionbackfill
statsd.statsd.derive-kafka-lite.broker.by-topic.listoffset.github-memex-v0-memexprojectcolumnvaluecreate
statsd.statsd.derive-kafka-lite.broker.by-topic.listoffset.github-memex-v0-memexprojectcolumnvaluedestroy
statsd.statsd.derive-kafka-lite.broker.by-topic.listoffset.github-memex-v0-memexprojectcolumnvalueupdate
statsd.statsd.derive-kafka-lite.broker.by-topic.listoffset.github-memex-v0-memexprojectevent
statsd.statsd.derive-kafka-lite.broker.by-topic.listoffset.github-memex-v0-memexprojectviewcreate
statsd.statsd.derive-kafka-lite.broker.by-topic.listoffset.github-memex-v0-memexprojectviewdestroy
statsd.statsd.derive-kafka-lite.broker.by-topic.listoffset.github-memex-v0-memexprojectviewupdate
statsd.statsd.derive-kafka-lite.broker.by-topic.listoffset.github-memex-v0-projectitemcreate
statsd.statsd.derive-kafka-lite.broker.by-topic.listoffset.github-memex-v0-projectitemdestroy
statsd.statsd.derive-kafka-lite.broker.by-topic.listoffset.github-memex-v0-projectitemupdate
statsd.statsd.derive-kafka-lite.broker.by-topic.listoffset.github-memex-v1-memexprojectcolumndestroy
statsd.statsd.derive-kafka-lite.broker.by-topic.listoffset.github-memex-v1-memexprojectcolumnupdate
statsd.statsd.derive-kafka-lite.broker.by-topic.listoffset.github-memex_automation-v0-issuecreateevent
statsd.statsd.derive-kafka-lite.broker.by-topic.listoffset.github-memex_automation-v0-issueupdateevent
statsd.statsd.derive-kafka-lite.broker.by-topic.listoffset.github-repositories-v1-created
statsd.statsd.derive-kafka-lite.broker.by-topic.listoffset.github-repositories-v1-deleted
statsd.statsd.derive-kafka-lite.broker.by-topic.listoffset.github-repositories-v1-transferred
statsd.statsd.derive-kafka-lite.broker.by-topic.listoffset.github-repositories-v1-visibilitychanged
statsd.statsd.derive-kafka-lite.broker.by-topic.listoffset.github-secret_scanning-v1-issuecommentscan
statsd.statsd.derive-kafka-lite.broker.by-topic.listoffset.github-secret_scanning-v1-issuescan
statsd.statsd.derive-kafka-lite.broker.by-topic.listoffset.github-security_center-v1-securityfeaturerepoupdate
statsd.statsd.derive-kafka-lite.broker.by-topic.listoffset.github-v1-gistpush
statsd.statsd.derive-kafka-lite.broker.by-topic.listoffset.github-v1-issueconvertedtodiscussion
statsd.statsd.derive-kafka-lite.broker.by-topic.listoffset.github-v1-issueupdateassignee
statsd.statsd.derive-kafka-lite.broker.by-topic.listoffset.github-v1-issueupdatelabel
statsd.statsd.derive-kafka-lite.broker.by-topic.listoffset.github-v1-pullrequestupdate
statsd.statsd.derive-kafka-lite.broker.by-topic.listoffset.octochat-v0-login
statsd.statsd.derive-kafka-lite.broker.by-topic.listoffset.pages_deployer-v0-deploymentstatus
statsd.statsd.derive-kafka-lite.broker.by-topic.listoffset.registry_metadata-v0-migrationdatasyncevent
statsd.statsd.derive-kafka-lite.broker.by-topic.listoffset.token_scanning_service-v0-backfillgrouprequest
statsd.statsd.derive-kafka-lite.broker.by-topic.listoffset.token_scanning_service-v0-custompatterndryrunnotify
statsd.statsd.derive-kafka-lite.broker.by-topic.listoffset.token_scanning_service-v0-enablementchange
statsd.statsd.derive-kafka-lite.broker.by-topic.listoffset.token_scanning_service-v0-jobgroupevent
statsd.statsd.derive-kafka-lite.broker.by-topic.metadata.code_scanning-v0-failedanalysis
statsd.statsd.derive-kafka-lite.broker.by-topic.metadata.code_scanning-v0-newanalysis
statsd.statsd.derive-kafka-lite.broker.by-topic.metadata.code_scanning-v0-processedanalysis
statsd.statsd.derive-kafka-lite.broker.by-topic.metadata.cp1-iad-ingest-audit_log-v2-auditentry
statsd.statsd.derive-kafka-lite.broker.by-topic.metadata.cp1-iad-ingest-github-actions-v0-cacheusage
statsd.statsd.derive-kafka-lite.broker.by-topic.metadata.cp1-iad-ingest-github-billing-v0-meteredadvancedsecuritycontribution
statsd.statsd.derive-kafka-lite.broker.by-topic.metadata.cp1-iad-ingest-github-billing-v0-meteredadvancedsecuritypostreceivebackfill
statsd.statsd.derive-kafka-lite.broker.by-topic.metadata.cp1-iad-ingest-github-billing-v0-meteredadvancedsecuritypostreceivebackfill-deadletter
statsd.statsd.derive-kafka-lite.broker.by-topic.metadata.cp1-iad-ingest-github-memex-v1-memexprojectcolumncreate
statsd.statsd.derive-kafka-lite.broker.by-topic.metadata.cp1-iad-ingest-github-security_center-v0-securityfeaturerepoupdate
statsd.statsd.derive-kafka-lite.broker.by-topic.metadata.cp1-iad-ingest-github-v1-branchprotectionrulechange
statsd.statsd.derive-kafka-lite.broker.by-topic.metadata.cp1-iad-ingest-github-v1-checksuitestatuschange
statsd.statsd.derive-kafka-lite.broker.by-topic.metadata.cp1-iad-ingest-github-v1-environmentdeleted
statsd.statsd.derive-kafka-lite.broker.by-topic.metadata.cp1-iad-ingest-github-v1-gistcreate
statsd.statsd.derive-kafka-lite.broker.by-topic.metadata.cp1-iad-ingest-github-v1-gistupdate
statsd.statsd.derive-kafka-lite.broker.by-topic.metadata.cp1-iad-ingest-github-v1-issueclose
statsd.statsd.derive-kafka-lite.broker.by-topic.metadata.cp1-iad-ingest-github-v1-issuereopen
statsd.statsd.derive-kafka-lite.broker.by-topic.metadata.cp1-iad-ingest-github-v1-issueupdatemilestone
statsd.statsd.derive-kafka-lite.broker.by-topic.metadata.cp1-iad-ingest-github-v1-postreceive
statsd.statsd.derive-kafka-lite.broker.by-topic.metadata.cp1-iad-ingest-github-v1-pullrequestclose
statsd.statsd.derive-kafka-lite.broker.by-topic.metadata.cp1-iad-ingest-github-v1-pullrequestcreate
statsd.statsd.derive-kafka-lite.broker.by-topic.metadata.cp1-iad-ingest-github-v1-pullrequestmerge
statsd.statsd.derive-kafka-lite.broker.by-topic.metadata.cp1-iad-ingest-github-v1-pullrequestreopen
statsd.statsd.derive-kafka-lite.broker.by-topic.metadata.cp1-iad-ingest-github-v1-pullrequestreviewsubmit
statsd.statsd.derive-kafka-lite.broker.by-topic.metadata.cp1-iad-ingest-github-v1-repositorydeleted
statsd.statsd.derive-kafka-lite.broker.by-topic.metadata.cp1-iad-ingest-github-v1-repositorytransfer
statsd.statsd.derive-kafka-lite.broker.by-topic.metadata.cp1-iad-ingest-github-v1-secretscanconfigchange
statsd.statsd.derive-kafka-lite.broker.by-topic.metadata.cp1-iad-ingest-github-v1-securitycenterrepositoryupdate
statsd.statsd.derive-kafka-lite.broker.by-topic.metadata.cp1-iad-ingest-github-v1-tokenscannotify
statsd.statsd.derive-kafka-lite.broker.by-topic.metadata.cp1-iad-ingest-github-v1-userdestroy
statsd.statsd.derive-kafka-lite.broker.by-topic.metadata.cp1-iad-ingest-live_updates-v0-message
statsd.statsd.derive-kafka-lite.broker.by-topic.metadata.cp1-iad-ingest-package_registry-v0-packagedeleted
statsd.statsd.derive-kafka-lite.broker.by-topic.metadata.cp1-iad-ingest-package_registry-v0-packagepublished
statsd.statsd.derive-kafka-lite.broker.by-topic.metadata.cp1-iad-ingest-package_registry-v0-packagetransferred
statsd.statsd.derive-kafka-lite.broker.by-topic.metadata.cp1-iad-ingest-package_registry-v0-packageversiondeleted
statsd.statsd.derive-kafka-lite.broker.by-topic.metadata.cp1-iad-ingest-package_registry-v0-packageversiondownloaded
statsd.statsd.derive-kafka-lite.broker.by-topic.metadata.cp1-iad-ingest-package_registry-v0-packageversionpublished
statsd.statsd.derive-kafka-lite.broker.by-topic.metadata.cp1-iad-ingest-registry_metadata-v0-versionmigrationstatus
statsd.statsd.derive-kafka-lite.broker.by-topic.metadata.cp1-iad-ingest-token_scanning_service-v0-alertevents
statsd.statsd.derive-kafka-lite.broker.by-topic.metadata.cp1-iad-ingest-token_scanning_service-v0-backfillrequest
statsd.statsd.derive-kafka-lite.broker.by-topic.metadata.cp1-iad-ingest-turboscan-v0-alertevent
statsd.statsd.derive-kafka-lite.broker.by-topic.metadata.github-billing-v0-meteredadvancedsecuritycontributionbackfill
statsd.statsd.derive-kafka-lite.broker.by-topic.metadata.github-memex-v0-memexprojectcolumnvaluecreate
statsd.statsd.derive-kafka-lite.broker.by-topic.metadata.github-memex-v0-memexprojectcolumnvaluedestroy
statsd.statsd.derive-kafka-lite.broker.by-topic.metadata.github-memex-v0-memexprojectcolumnvalueupdate
statsd.statsd.derive-kafka-lite.broker.by-topic.metadata.github-memex-v0-memexprojectevent
statsd.statsd.derive-kafka-lite.broker.by-topic.metadata.github-memex-v0-memexprojectviewcreate
statsd.statsd.derive-kafka-lite.broker.by-topic.metadata.github-memex-v0-memexprojectviewdestroy
statsd.statsd.derive-kafka-lite.broker.by-topic.metadata.github-memex-v0-memexprojectviewupdate
statsd.statsd.derive-kafka-lite.broker.by-topic.metadata.github-memex-v0-projectitemcreate
statsd.statsd.derive-kafka-lite.broker.by-topic.metadata.github-memex-v0-projectitemdestroy
statsd.statsd.derive-kafka-lite.broker.by-topic.metadata.github-memex-v0-projectitemupdate
statsd.statsd.derive-kafka-lite.broker.by-topic.metadata.github-memex-v1-memexprojectcolumndestroy
statsd.statsd.derive-kafka-lite.broker.by-topic.metadata.github-memex-v1-memexprojectcolumnupdate
statsd.statsd.derive-kafka-lite.broker.by-topic.metadata.github-memex_automation-v0-issuecreateevent
statsd.statsd.derive-kafka-lite.broker.by-topic.metadata.github-memex_automation-v0-issueupdateevent
statsd.statsd.derive-kafka-lite.broker.by-topic.metadata.github-repositories-v1-created
statsd.statsd.derive-kafka-lite.broker.by-topic.metadata.github-repositories-v1-deleted
statsd.statsd.derive-kafka-lite.broker.by-topic.metadata.github-repositories-v1-transferred
statsd.statsd.derive-kafka-lite.broker.by-topic.metadata.github-repositories-v1-visibilitychanged
statsd.statsd.derive-kafka-lite.broker.by-topic.metadata.github-secret_scanning-v1-issuecommentscan
statsd.statsd.derive-kafka-lite.broker.by-topic.metadata.github-secret_scanning-v1-issuescan
statsd.statsd.derive-kafka-lite.broker.by-topic.metadata.github-security_center-v1-securityfeaturerepoupdate
statsd.statsd.derive-kafka-lite.broker.by-topic.metadata.github-v1-gistpush
statsd.statsd.derive-kafka-lite.broker.by-topic.metadata.github-v1-issueconvertedtodiscussion
statsd.statsd.derive-kafka-lite.broker.by-topic.metadata.github-v1-issueupdateassignee
statsd.statsd.derive-kafka-lite.broker.by-topic.metadata.github-v1-issueupdatelabel
statsd.statsd.derive-kafka-lite.broker.by-topic.metadata.github-v1-pullrequestupdate
statsd.statsd.derive-kafka-lite.broker.by-topic.metadata.octochat-v0-login
statsd.statsd.derive-kafka-lite.broker.by-topic.metadata.pages_deployer-v0-deploymentstatus
statsd.statsd.derive-kafka-lite.broker.by-topic.metadata.registry_metadata-v0-migrationdatasyncevent
statsd.statsd.derive-kafka-lite.broker.by-topic.metadata.token_scanning_service-v0-backfillgrouprequest
statsd.statsd.derive-kafka-lite.broker.by-topic.metadata.token_scanning_service-v0-custompatterndryrunnotify
statsd.statsd.derive-kafka-lite.broker.by-topic.metadata.token_scanning_service-v0-enablementchange
statsd.statsd.derive-kafka-lite.broker.by-topic.metadata.token_scanning_service-v0-jobgroupevent
statsd.statsd.derive-kafka-lite.broker.by-topic.offsetcommit.cp1-iad-ingest-audit_log-v2-auditentry
statsd.statsd.derive-kafka-lite.broker.by-topic.offsetfetch.code_scanning-v0-failedanalysis
statsd.statsd.derive-kafka-lite.broker.by-topic.offsetfetch.code_scanning-v0-newanalysis
statsd.statsd.derive-kafka-lite.broker.by-topic.offsetfetch.code_scanning-v0-processedanalysis
statsd.statsd.derive-kafka-lite.broker.by-topic.offsetfetch.cp1-iad-ingest-audit_log-v2-auditentry
statsd.statsd.derive-kafka-lite.broker.by-topic.offsetfetch.cp1-iad-ingest-github-actions-v0-cacheusage
statsd.statsd.derive-kafka-lite.broker.by-topic.offsetfetch.cp1-iad-ingest-github-billing-v0-meteredadvancedsecuritycontribution
statsd.statsd.derive-kafka-lite.broker.by-topic.offsetfetch.cp1-iad-ingest-github-billing-v0-meteredadvancedsecuritypostreceivebackfill
statsd.statsd.derive-kafka-lite.broker.by-topic.offsetfetch.cp1-iad-ingest-github-billing-v0-meteredadvancedsecuritypostreceivebackfill-deadletter
statsd.statsd.derive-kafka-lite.broker.by-topic.offsetfetch.cp1-iad-ingest-github-memex-v1-memexprojectcolumncreate
statsd.statsd.derive-kafka-lite.broker.by-topic.offsetfetch.cp1-iad-ingest-github-security_center-v0-securityfeaturerepoupdate
statsd.statsd.derive-kafka-lite.broker.by-topic.offsetfetch.cp1-iad-ingest-github-v1-branchprotectionrulechange
statsd.statsd.derive-kafka-lite.broker.by-topic.offsetfetch.cp1-iad-ingest-github-v1-checksuitestatuschange
statsd.statsd.derive-kafka-lite.broker.by-topic.offsetfetch.cp1-iad-ingest-github-v1-environmentdeleted
statsd.statsd.derive-kafka-lite.broker.by-topic.offsetfetch.cp1-iad-ingest-github-v1-gistcreate
statsd.statsd.derive-kafka-lite.broker.by-topic.offsetfetch.cp1-iad-ingest-github-v1-gistupdate
statsd.statsd.derive-kafka-lite.broker.by-topic.offsetfetch.cp1-iad-ingest-github-v1-issueclose
statsd.statsd.derive-kafka-lite.broker.by-topic.offsetfetch.cp1-iad-ingest-github-v1-issuereopen
statsd.statsd.derive-kafka-lite.broker.by-topic.offsetfetch.cp1-iad-ingest-github-v1-issueupdatemilestone
statsd.statsd.derive-kafka-lite.broker.by-topic.offsetfetch.cp1-iad-ingest-github-v1-postreceive
statsd.statsd.derive-kafka-lite.broker.by-topic.offsetfetch.cp1-iad-ingest-github-v1-pullrequestclose
statsd.statsd.derive-kafka-lite.broker.by-topic.offsetfetch.cp1-iad-ingest-github-v1-pullrequestcreate
statsd.statsd.derive-kafka-lite.broker.by-topic.offsetfetch.cp1-iad-ingest-github-v1-pullrequestmerge
statsd.statsd.derive-kafka-lite.broker.by-topic.offsetfetch.cp1-iad-ingest-github-v1-pullrequestreopen
statsd.statsd.derive-kafka-lite.broker.by-topic.offsetfetch.cp1-iad-ingest-github-v1-pullrequestreviewsubmit
statsd.statsd.derive-kafka-lite.broker.by-topic.offsetfetch.cp1-iad-ingest-github-v1-repositorydeleted
statsd.statsd.derive-kafka-lite.broker.by-topic.offsetfetch.cp1-iad-ingest-github-v1-repositorytransfer
statsd.statsd.derive-kafka-lite.broker.by-topic.offsetfetch.cp1-iad-ingest-github-v1-secretscanconfigchange
statsd.statsd.derive-kafka-lite.broker.by-topic.offsetfetch.cp1-iad-ingest-github-v1-securitycenterrepositoryupdate
statsd.statsd.derive-kafka-lite.broker.by-topic.offsetfetch.cp1-iad-ingest-github-v1-tokenscannotify
statsd.statsd.derive-kafka-lite.broker.by-topic.offsetfetch.cp1-iad-ingest-github-v1-userdestroy
statsd.statsd.derive-kafka-lite.broker.by-topic.offsetfetch.cp1-iad-ingest-live_updates-v0-message
statsd.statsd.derive-kafka-lite.broker.by-topic.offsetfetch.cp1-iad-ingest-package_registry-v0-packagedeleted
statsd.statsd.derive-kafka-lite.broker.by-topic.offsetfetch.cp1-iad-ingest-package_registry-v0-packagepublished
statsd.statsd.derive-kafka-lite.broker.by-topic.offsetfetch.cp1-iad-ingest-package_registry-v0-packagetransferred
statsd.statsd.derive-kafka-lite.broker.by-topic.offsetfetch.cp1-iad-ingest-package_registry-v0-packageversiondeleted
statsd.statsd.derive-kafka-lite.broker.by-topic.offsetfetch.cp1-iad-ingest-package_registry-v0-packageversiondownloaded
statsd.statsd.derive-kafka-lite.broker.by-topic.offsetfetch.cp1-iad-ingest-package_registry-v0-packageversionpublished
statsd.statsd.derive-kafka-lite.broker.by-topic.offsetfetch.cp1-iad-ingest-registry_metadata-v0-versionmigrationstatus
statsd.statsd.derive-kafka-lite.broker.by-topic.offsetfetch.cp1-iad-ingest-token_scanning_service-v0-alertevents
statsd.statsd.derive-kafka-lite.broker.by-topic.offsetfetch.cp1-iad-ingest-token_scanning_service-v0-backfillrequest
statsd.statsd.derive-kafka-lite.broker.by-topic.offsetfetch.cp1-iad-ingest-turboscan-v0-alertevent
statsd.statsd.derive-kafka-lite.broker.by-topic.offsetfetch.github-billing-v0-meteredadvancedsecuritycontributionbackfill
statsd.statsd.derive-kafka-lite.broker.by-topic.offsetfetch.github-memex-v0-memexprojectcolumnvaluecreate
statsd.statsd.derive-kafka-lite.broker.by-topic.offsetfetch.github-memex-v0-memexprojectcolumnvaluedestroy
statsd.statsd.derive-kafka-lite.broker.by-topic.offsetfetch.github-memex-v0-memexprojectcolumnvalueupdate
statsd.statsd.derive-kafka-lite.broker.by-topic.offsetfetch.github-memex-v0-memexprojectevent
statsd.statsd.derive-kafka-lite.broker.by-topic.offsetfetch.github-memex-v0-memexprojectviewcreate
statsd.statsd.derive-kafka-lite.broker.by-topic.offsetfetch.github-memex-v0-memexprojectviewdestroy
statsd.statsd.derive-kafka-lite.broker.by-topic.offsetfetch.github-memex-v0-memexprojectviewupdate
statsd.statsd.derive-kafka-lite.broker.by-topic.offsetfetch.github-memex-v0-projectitemcreate
statsd.statsd.derive-kafka-lite.broker.by-topic.offsetfetch.github-memex-v0-projectitemdestroy
statsd.statsd.derive-kafka-lite.broker.by-topic.offsetfetch.github-memex-v0-projectitemupdate
statsd.statsd.derive-kafka-lite.broker.by-topic.offsetfetch.github-memex-v1-memexprojectcolumndestroy
statsd.statsd.derive-kafka-lite.broker.by-topic.offsetfetch.github-memex-v1-memexprojectcolumnupdate
statsd.statsd.derive-kafka-lite.broker.by-topic.offsetfetch.github-memex_automation-v0-issuecreateevent
statsd.statsd.derive-kafka-lite.broker.by-topic.offsetfetch.github-memex_automation-v0-issueupdateevent
statsd.statsd.derive-kafka-lite.broker.by-topic.offsetfetch.github-repositories-v1-created
statsd.statsd.derive-kafka-lite.broker.by-topic.offsetfetch.github-repositories-v1-deleted
statsd.statsd.derive-kafka-lite.broker.by-topic.offsetfetch.github-repositories-v1-transferred
statsd.statsd.derive-kafka-lite.broker.by-topic.offsetfetch.github-repositories-v1-visibilitychanged
statsd.statsd.derive-kafka-lite.broker.by-topic.offsetfetch.github-secret_scanning-v1-issuecommentscan
statsd.statsd.derive-kafka-lite.broker.by-topic.offsetfetch.github-secret_scanning-v1-issuescan
statsd.statsd.derive-kafka-lite.broker.by-topic.offsetfetch.github-security_center-v1-securityfeaturerepoupdate
statsd.statsd.derive-kafka-lite.broker.by-topic.offsetfetch.github-v1-gistpush
statsd.statsd.derive-kafka-lite.broker.by-topic.offsetfetch.github-v1-issueconvertedtodiscussion
statsd.statsd.derive-kafka-lite.broker.by-topic.offsetfetch.github-v1-issueupdateassignee
statsd.statsd.derive-kafka-lite.broker.by-topic.offsetfetch.github-v1-issueupdatelabel
statsd.statsd.derive-kafka-lite.broker.by-topic.offsetfetch.github-v1-pullrequestupdate
statsd.statsd.derive-kafka-lite.broker.by-topic.offsetfetch.octochat-v0-login
statsd.statsd.derive-kafka-lite.broker.by-topic.offsetfetch.pages_deployer-v0-deploymentstatus
statsd.statsd.derive-kafka-lite.broker.by-topic.offsetfetch.registry_metadata-v0-migrationdatasyncevent
statsd.statsd.derive-kafka-lite.broker.by-topic.offsetfetch.token_scanning_service-v0-backfillgrouprequest
statsd.statsd.derive-kafka-lite.broker.by-topic.offsetfetch.token_scanning_service-v0-custompatterndryrunnotify
statsd.statsd.derive-kafka-lite.broker.by-topic.offsetfetch.token_scanning_service-v0-enablementchange
statsd.statsd.derive-kafka-lite.broker.by-topic.offsetfetch.token_scanning_service-v0-jobgroupevent
statsd.statsd.derive-kafka-lite.broker.by-topic.produce.cp1-iad-ingest-audit_log-v2-auditentry
statsd.statsd.derive-kafka-lite.broker.error.syncgroup
statsd.statsd.derive-kafka-lite.broker.produce-noop.cp1-iad-ingest-github-v1-jobcomplete.bytes
statsd.statsd.derive-kafka-lite.broker.produce-noop.cp1-iad-ingest-github-v1-jobcomplete.messages
statsd.statsd.derive-kafka-lite.broker.produce-noop.cp1-iad-ingest-github-v1-request.bytes
statsd.statsd.derive-kafka-lite.broker.produce-noop.cp1-iad-ingest-github-v1-request.messages
statsd.statsd.derive-kafka-lite.broker.produce-noop.cp1-iad-ingest-github-v1-usersignup.bytes
statsd.statsd.derive-kafka-lite.broker.produce-noop.cp1-iad-ingest-github-v1-usersignup.messages
statsd.statsd.derive-kafka-lite.broker.produce-noop.github-webhooks-v0-droppedeventmetadata.bytes
statsd.statsd.derive-kafka-lite.broker.produce-noop.github-webhooks-v0-droppedeventmetadata.messages
statsd.statsd.derive-kafka-lite.broker.produce.cp1-iad-ingest-audit_log-v2-auditentry.bytes
statsd.statsd.derive-kafka-lite.broker.produce.cp1-iad-ingest-audit_log-v2-auditentry.messages
statsd.statsd.derive-kafka-lite.server.bytes-in
statsd.statsd.derive-kafka-lite.server.bytes-out
statsd.statsd.derive-token-scanning-service.UpdateRepoWorker.RunBackfill.count
statsd.statsd.derive-token-scanning-service.UpdateRepoWorker.RunSync.count
statsd.statsd.derive-token-scanning-service.aqueduct.client.request.count
statsd.statsd.derive-token-scanning-service.db.sql.max_idle_closed
statsd.statsd.derive-token-scanning-service.db.sql.max_idle_time_closed
statsd.statsd.derive-token-scanning-service.db.sql.max_lifetime_closed
statsd.statsd.derive-token-scanning-service.db.sql.wait_count
statsd.statsd.derive-token-scanning-service.db.sql.wait_duration
statsd.statsd.derive-token-scanning-service.kv_store.get.hit
statsd.statsd.derive-token-scanning-service.kv_store.get.miss
statsd.statsd.derive-token-scanning-service.kv_store.put.insert
statsd.statsd.derive-token-scanning-service.mysql.conn_open
statsd.statsd.derive-token-scanning-service.scratch.borrow.new
statsd.statsd.derive-token-scanning-service.scratch.return
statsd.statsd.derive-token-scanning-service.user_api.find_users.startup
statsd.statsd.derive-turboscan.db.sql.max_idle_closed
statsd.statsd.derive-turboscan.db.sql.max_idle_time_closed
statsd.statsd.derive-turboscan.db.sql.max_lifetime_closed
statsd.statsd.derive-turboscan.db.sql.wait_count
statsd.statsd.derive-turboscan.db.sql.wait_duration
statsd.statsd.derive-turboscan.kafka.request.pending
statsd.statsd.gauge-alive.frontend.proc.goroutines
statsd.statsd.gauge-alive.frontend.proc.memory.allocated
statsd.statsd.gauge-alive.frontend.proc.memory.frees
statsd.statsd.gauge-alive.frontend.proc.memory.gc.pause_per_second
statsd.statsd.gauge-alive.frontend.proc.memory.gc.total_pause
statsd.statsd.gauge-alive.frontend.proc.memory.heap
statsd.statsd.gauge-alive.frontend.proc.memory.mallocs
statsd.statsd.gauge-alive.frontend.proc.memory.stack
statsd.statsd.gauge-alive.frontend.redis.pool.idleConnections
statsd.statsd.gauge-alive.frontend.redis.pool.totalConnections
statsd.statsd.gauge-alive.frontend.service.tick.time-count
statsd.statsd.gauge-alive.router.kafka.request.latency.milliseconds.avg
statsd.statsd.gauge-alive.router.kafka.request.latency.milliseconds.count
statsd.statsd.gauge-alive.router.kafka.request.latency.milliseconds.max
statsd.statsd.gauge-alive.router.kafka.request.latency.milliseconds.min
statsd.statsd.gauge-alive.router.kafka.request.latency.milliseconds.p50
statsd.statsd.gauge-alive.router.kafka.request.latency.milliseconds.p90
statsd.statsd.gauge-alive.router.kafka.request.latency.milliseconds.p95
statsd.statsd.gauge-alive.router.kafka.request.latency.milliseconds.p99
statsd.statsd.gauge-alive.router.kafka.request.latency.milliseconds.sum
statsd.statsd.gauge-alive.router.kafka.request.pending
statsd.statsd.gauge-alive.router.kafka.request.per_second.15m
statsd.statsd.gauge-alive.router.kafka.request.per_second.1m
statsd.statsd.gauge-alive.router.kafka.request.per_second.5m
statsd.statsd.gauge-alive.router.kafka.request.per_second.avg
statsd.statsd.gauge-alive.router.kafka.request.size.bytes.avg
statsd.statsd.gauge-alive.router.kafka.request.size.bytes.count
statsd.statsd.gauge-alive.router.kafka.request.size.bytes.max
statsd.statsd.gauge-alive.router.kafka.request.size.bytes.min
statsd.statsd.gauge-alive.router.kafka.request.size.bytes.p50
statsd.statsd.gauge-alive.router.kafka.request.size.bytes.p90
statsd.statsd.gauge-alive.router.kafka.request.size.bytes.p95
statsd.statsd.gauge-alive.router.kafka.request.size.bytes.p99
statsd.statsd.gauge-alive.router.kafka.request.size.bytes.sum
statsd.statsd.gauge-alive.router.kafka.response.batch.size.avg
statsd.statsd.gauge-alive.router.kafka.response.batch.size.count
statsd.statsd.gauge-alive.router.kafka.response.batch.size.max
statsd.statsd.gauge-alive.router.kafka.response.batch.size.min
statsd.statsd.gauge-alive.router.kafka.response.batch.size.p50
statsd.statsd.gauge-alive.router.kafka.response.batch.size.p90
statsd.statsd.gauge-alive.router.kafka.response.batch.size.p95
statsd.statsd.gauge-alive.router.kafka.response.batch.size.p99
statsd.statsd.gauge-alive.router.kafka.response.batch.size.sum
statsd.statsd.gauge-alive.router.kafka.response.per_second.15m
statsd.statsd.gauge-alive.router.kafka.response.per_second.1m
statsd.statsd.gauge-alive.router.kafka.response.per_second.5m
statsd.statsd.gauge-alive.router.kafka.response.per_second.avg
statsd.statsd.gauge-alive.router.kafka.response.size.bytes.avg
statsd.statsd.gauge-alive.router.kafka.response.size.bytes.count
statsd.statsd.gauge-alive.router.kafka.response.size.bytes.max
statsd.statsd.gauge-alive.router.kafka.response.size.bytes.min
statsd.statsd.gauge-alive.router.kafka.response.size.bytes.p50
statsd.statsd.gauge-alive.router.kafka.response.size.bytes.p90
statsd.statsd.gauge-alive.router.kafka.response.size.bytes.p95
statsd.statsd.gauge-alive.router.kafka.response.size.bytes.p99
statsd.statsd.gauge-alive.router.kafka.response.size.bytes.sum
statsd.statsd.gauge-alive.router.proc.goroutines
statsd.statsd.gauge-alive.router.proc.memory.allocated
statsd.statsd.gauge-alive.router.proc.memory.frees
statsd.statsd.gauge-alive.router.proc.memory.gc.pause_per_second
statsd.statsd.gauge-alive.router.proc.memory.gc.total_pause
statsd.statsd.gauge-alive.router.proc.memory.heap
statsd.statsd.gauge-alive.router.proc.memory.mallocs
statsd.statsd.gauge-alive.router.proc.memory.stack
statsd.statsd.gauge-alive.router.redis.pool.idleConnections
statsd.statsd.gauge-alive.router.redis.pool.totalConnections
statsd.statsd.gauge-aqueduct-lite.queue_depth.github-production.advanced_security
statsd.statsd.gauge-aqueduct-lite.queue_depth.github-production.archive_restore
statsd.statsd.gauge-aqueduct-lite.queue_depth.github-production.audit_logs
statsd.statsd.gauge-aqueduct-lite.queue_depth.github-production.background_destroy
statsd.statsd.gauge-aqueduct-lite.queue_depth.github-production.calculate_topic_applied_counts
statsd.statsd.gauge-aqueduct-lite.queue_depth.github-production.checks_delete_archived
statsd.statsd.gauge-aqueduct-lite.queue_depth.github-production.checks_rollup_archive
statsd.statsd.gauge-aqueduct-lite.queue_depth.github-production.clean_up_deleted_teams
statsd.statsd.gauge-aqueduct-lite.queue_depth.github-production.code_scanning
statsd.statsd.gauge-aqueduct-lite.queue_depth.github-production.collect_metrics
statsd.statsd.gauge-aqueduct-lite.queue_depth.github-production.delete_expired_reserved_login_tombstones
statsd.statsd.gauge-aqueduct-lite.queue_depth.github-production.deliver_hook_event
statsd.statsd.gauge-aqueduct-lite.queue_depth.github-production.dependabot
statsd.statsd.gauge-aqueduct-lite.queue_depth.github-production.dgit_schedulers
statsd.statsd.gauge-aqueduct-lite.queue_depth.github-production.dpages_evacuations_scheduler
statsd.statsd.gauge-aqueduct-lite.queue_depth.github-production.dpages_maintenance_scheduler
statsd.statsd.gauge-aqueduct-lite.queue_depth.github-production.gist_maintenance_scheduler
statsd.statsd.gauge-aqueduct-lite.queue_depth.github-production.github_connect
statsd.statsd.gauge-aqueduct-lite.queue_depth.github-production.index_high
statsd.statsd.gauge-aqueduct-lite.queue_depth.github-production.invalidate_expired_invites
statsd.statsd.gauge-aqueduct-lite.queue_depth.github-production.lfs
statsd.statsd.gauge-aqueduct-lite.queue_depth.github-production.low
statsd.statsd.gauge-aqueduct-lite.queue_depth.github-production.memex_project_scheduled_workflow_runner
statsd.statsd.gauge-aqueduct-lite.queue_depth.github-production.network_maintenance_scheduler
statsd.statsd.gauge-aqueduct-lite.queue_depth.github-production.newsletter_delivery
statsd.statsd.gauge-aqueduct-lite.queue_depth.github-production.orchestrate_check_steps_deletion
statsd.statsd.gauge-aqueduct-lite.queue_depth.github-production.pat_access_request_notice_job
statsd.statsd.gauge-aqueduct-lite.queue_depth.github-production.pat_expiry_notice_job
statsd.statsd.gauge-aqueduct-lite.queue_depth.github-production.purge_deleted_memex_projects
statsd.statsd.gauge-aqueduct-lite.queue_depth.github-production.purge_restorables
statsd.statsd.gauge-aqueduct-lite.queue_depth.github-production.purge_stale_render_blobs
statsd.statsd.gauge-aqueduct-lite.queue_depth.github-production.purge_stale_upload_manifest_file_blobs
statsd.statsd.gauge-aqueduct-lite.queue_depth.github-production.remove_expired_announcements
statsd.statsd.gauge-aqueduct-lite.queue_depth.github-production.remove_expired_oauth
statsd.statsd.gauge-aqueduct-lite.queue_depth.github-production.repository_bulk_purge
statsd.statsd.gauge-aqueduct-lite.queue_depth.github-production.repository_orchestration_sweeper
statsd.statsd.gauge-aqueduct-lite.queue_depth.github-production.repository_snapshot_scheduler
statsd.statsd.gauge-aqueduct-lite.queue_depth.github-production.security_center_reconciliation
statsd.statsd.gauge-aqueduct-lite.queue_depth.github-production.stale_check_runs
statsd.statsd.gauge-aqueduct-lite.queue_depth.github-production.statuses_delete_archived
statsd.statsd.gauge-aqueduct-lite.queue_depth.github-production.stop_all_stalled_progress_job
statsd.statsd.gauge-aqueduct-lite.queue_depth.github-production.storage_cluster
statsd.statsd.gauge-aqueduct-lite.queue_depth.github-production.wiki_maintenance_scheduler
statsd.statsd.gauge-aqueduct-lite.request.count.200
statsd.statsd.gauge-aqueduct-lite.request.count.github-production.advanced_security.aqueduct_api_v1.Ack.200
statsd.statsd.gauge-aqueduct-lite.request.count.github-production.advanced_security.aqueduct_api_v1.Send.200
statsd.statsd.gauge-aqueduct-lite.request.count.github-production.archive_restore.aqueduct_api_v1.Ack.200
statsd.statsd.gauge-aqueduct-lite.request.count.github-production.archive_restore.aqueduct_api_v1.Send.200
statsd.statsd.gauge-aqueduct-lite.request.count.github-production.audit_logs.aqueduct_api_v1.Ack.200
statsd.statsd.gauge-aqueduct-lite.request.count.github-production.audit_logs.aqueduct_api_v1.Send.200
statsd.statsd.gauge-aqueduct-lite.request.count.github-production.background_destroy.aqueduct_api_v1.Ack.200
statsd.statsd.gauge-aqueduct-lite.request.count.github-production.background_destroy.aqueduct_api_v1.Send.200
statsd.statsd.gauge-aqueduct-lite.request.count.github-production.calculate_topic_applied_counts.aqueduct_api_v1.Ack.200
statsd.statsd.gauge-aqueduct-lite.request.count.github-production.calculate_topic_applied_counts.aqueduct_api_v1.Send.200
statsd.statsd.gauge-aqueduct-lite.request.count.github-production.checks_delete_archived.aqueduct_api_v1.Ack.200
statsd.statsd.gauge-aqueduct-lite.request.count.github-production.checks_delete_archived.aqueduct_api_v1.Send.200
statsd.statsd.gauge-aqueduct-lite.request.count.github-production.checks_rollup_archive.aqueduct_api_v1.Ack.200
statsd.statsd.gauge-aqueduct-lite.request.count.github-production.checks_rollup_archive.aqueduct_api_v1.Send.200
statsd.statsd.gauge-aqueduct-lite.request.count.github-production.clean_up_deleted_teams.aqueduct_api_v1.Ack.200
statsd.statsd.gauge-aqueduct-lite.request.count.github-production.clean_up_deleted_teams.aqueduct_api_v1.Send.200
statsd.statsd.gauge-aqueduct-lite.request.count.github-production.code_scanning.aqueduct_api_v1.Ack.200
statsd.statsd.gauge-aqueduct-lite.request.count.github-production.code_scanning.aqueduct_api_v1.Send.200
statsd.statsd.gauge-aqueduct-lite.request.count.github-production.collect_metrics.aqueduct_api_v1.Ack.200
statsd.statsd.gauge-aqueduct-lite.request.count.github-production.collect_metrics.aqueduct_api_v1.Send.200
statsd.statsd.gauge-aqueduct-lite.request.count.github-production.delete_expired_reserved_login_tombstones.aqueduct_api_v1.Ack.200
statsd.statsd.gauge-aqueduct-lite.request.count.github-production.delete_expired_reserved_login_tombstones.aqueduct_api_v1.Send.200
statsd.statsd.gauge-aqueduct-lite.request.count.github-production.deliver_hook_event.aqueduct_api_v1.Ack.200
statsd.statsd.gauge-aqueduct-lite.request.count.github-production.deliver_hook_event.aqueduct_api_v1.Send.200
statsd.statsd.gauge-aqueduct-lite.request.count.github-production.dependabot.aqueduct_api_v1.Ack.200
statsd.statsd.gauge-aqueduct-lite.request.count.github-production.dependabot.aqueduct_api_v1.Send.200
statsd.statsd.gauge-aqueduct-lite.request.count.github-production.dgit_schedulers.aqueduct_api_v1.Ack.200
statsd.statsd.gauge-aqueduct-lite.request.count.github-production.dgit_schedulers.aqueduct_api_v1.Send.200
statsd.statsd.gauge-aqueduct-lite.request.count.github-production.dpages_evacuations_scheduler.aqueduct_api_v1.Ack.200
statsd.statsd.gauge-aqueduct-lite.request.count.github-production.dpages_evacuations_scheduler.aqueduct_api_v1.Send.200
statsd.statsd.gauge-aqueduct-lite.request.count.github-production.dpages_maintenance_scheduler.aqueduct_api_v1.Ack.200
statsd.statsd.gauge-aqueduct-lite.request.count.github-production.dpages_maintenance_scheduler.aqueduct_api_v1.Send.200
statsd.statsd.gauge-aqueduct-lite.request.count.github-production.gist_maintenance_scheduler.aqueduct_api_v1.Ack.200
statsd.statsd.gauge-aqueduct-lite.request.count.github-production.gist_maintenance_scheduler.aqueduct_api_v1.Send.200
statsd.statsd.gauge-aqueduct-lite.request.count.github-production.github_connect.aqueduct_api_v1.Ack.200
statsd.statsd.gauge-aqueduct-lite.request.count.github-production.github_connect.aqueduct_api_v1.Send.200
statsd.statsd.gauge-aqueduct-lite.request.count.github-production.index_high.aqueduct_api_v1.Ack.200
statsd.statsd.gauge-aqueduct-lite.request.count.github-production.index_high.aqueduct_api_v1.Send.200
statsd.statsd.gauge-aqueduct-lite.request.count.github-production.invalidate_expired_invites.aqueduct_api_v1.Ack.200
statsd.statsd.gauge-aqueduct-lite.request.count.github-production.invalidate_expired_invites.aqueduct_api_v1.Send.200
statsd.statsd.gauge-aqueduct-lite.request.count.github-production.lfs.aqueduct_api_v1.Ack.200
statsd.statsd.gauge-aqueduct-lite.request.count.github-production.lfs.aqueduct_api_v1.Send.200
statsd.statsd.gauge-aqueduct-lite.request.count.github-production.low.aqueduct_api_v1.Ack.200
statsd.statsd.gauge-aqueduct-lite.request.count.github-production.low.aqueduct_api_v1.Send.200
statsd.statsd.gauge-aqueduct-lite.request.count.github-production.memex_project_scheduled_workflow_runner.aqueduct_api_v1.Ack.200
statsd.statsd.gauge-aqueduct-lite.request.count.github-production.memex_project_scheduled_workflow_runner.aqueduct_api_v1.Send.200
statsd.statsd.gauge-aqueduct-lite.request.count.github-production.network_maintenance_scheduler.aqueduct_api_v1.Ack.200
statsd.statsd.gauge-aqueduct-lite.request.count.github-production.network_maintenance_scheduler.aqueduct_api_v1.Send.200
statsd.statsd.gauge-aqueduct-lite.request.count.github-production.newsletter_delivery.aqueduct_api_v1.Ack.200
statsd.statsd.gauge-aqueduct-lite.request.count.github-production.newsletter_delivery.aqueduct_api_v1.Send.200
statsd.statsd.gauge-aqueduct-lite.request.count.github-production.orchestrate_check_steps_deletion.aqueduct_api_v1.Ack.200
statsd.statsd.gauge-aqueduct-lite.request.count.github-production.orchestrate_check_steps_deletion.aqueduct_api_v1.Send.200
statsd.statsd.gauge-aqueduct-lite.request.count.github-production.pat_access_request_notice_job.aqueduct_api_v1.Ack.200
statsd.statsd.gauge-aqueduct-lite.request.count.github-production.pat_access_request_notice_job.aqueduct_api_v1.Send.200
statsd.statsd.gauge-aqueduct-lite.request.count.github-production.pat_expiry_notice_job.aqueduct_api_v1.Ack.200
statsd.statsd.gauge-aqueduct-lite.request.count.github-production.pat_expiry_notice_job.aqueduct_api_v1.Send.200
statsd.statsd.gauge-aqueduct-lite.request.count.github-production.purge_deleted_memex_projects.aqueduct_api_v1.Ack.200
statsd.statsd.gauge-aqueduct-lite.request.count.github-production.purge_deleted_memex_projects.aqueduct_api_v1.Send.200
statsd.statsd.gauge-aqueduct-lite.request.count.github-production.purge_restorables.aqueduct_api_v1.Ack.200
statsd.statsd.gauge-aqueduct-lite.request.count.github-production.purge_restorables.aqueduct_api_v1.Send.200
statsd.statsd.gauge-aqueduct-lite.request.count.github-production.purge_stale_render_blobs.aqueduct_api_v1.Ack.200
statsd.statsd.gauge-aqueduct-lite.request.count.github-production.purge_stale_render_blobs.aqueduct_api_v1.Send.200
statsd.statsd.gauge-aqueduct-lite.request.count.github-production.purge_stale_upload_manifest_file_blobs.aqueduct_api_v1.Ack.200
statsd.statsd.gauge-aqueduct-lite.request.count.github-production.purge_stale_upload_manifest_file_blobs.aqueduct_api_v1.Send.200
statsd.statsd.gauge-aqueduct-lite.request.count.github-production.remove_expired_announcements.aqueduct_api_v1.Ack.200
statsd.statsd.gauge-aqueduct-lite.request.count.github-production.remove_expired_announcements.aqueduct_api_v1.Send.200
statsd.statsd.gauge-aqueduct-lite.request.count.github-production.remove_expired_oauth.aqueduct_api_v1.Ack.200
statsd.statsd.gauge-aqueduct-lite.request.count.github-production.remove_expired_oauth.aqueduct_api_v1.Send.200
statsd.statsd.gauge-aqueduct-lite.request.count.github-production.repository_bulk_purge.aqueduct_api_v1.Ack.200
statsd.statsd.gauge-aqueduct-lite.request.count.github-production.repository_bulk_purge.aqueduct_api_v1.Send.200
statsd.statsd.gauge-aqueduct-lite.request.count.github-production.repository_orchestration_sweeper.aqueduct_api_v1.Ack.200
statsd.statsd.gauge-aqueduct-lite.request.count.github-production.repository_orchestration_sweeper.aqueduct_api_v1.Send.200
statsd.statsd.gauge-aqueduct-lite.request.count.github-production.repository_snapshot_scheduler.aqueduct_api_v1.Ack.200
statsd.statsd.gauge-aqueduct-lite.request.count.github-production.repository_snapshot_scheduler.aqueduct_api_v1.Send.200
statsd.statsd.gauge-aqueduct-lite.request.count.github-production.security_center_reconciliation.aqueduct_api_v1.Ack.200
statsd.statsd.gauge-aqueduct-lite.request.count.github-production.security_center_reconciliation.aqueduct_api_v1.Send.200
statsd.statsd.gauge-aqueduct-lite.request.count.github-production.stale_check_runs.aqueduct_api_v1.Ack.200
statsd.statsd.gauge-aqueduct-lite.request.count.github-production.stale_check_runs.aqueduct_api_v1.Send.200
statsd.statsd.gauge-aqueduct-lite.request.count.github-production.statuses_delete_archived.aqueduct_api_v1.Ack.200
statsd.statsd.gauge-aqueduct-lite.request.count.github-production.statuses_delete_archived.aqueduct_api_v1.Send.200
statsd.statsd.gauge-aqueduct-lite.request.count.github-production.stop_all_stalled_progress_job.aqueduct_api_v1.Ack.200
statsd.statsd.gauge-aqueduct-lite.request.count.github-production.stop_all_stalled_progress_job.aqueduct_api_v1.Send.200
statsd.statsd.gauge-aqueduct-lite.request.count.github-production.storage_cluster.aqueduct_api_v1.Ack.200
statsd.statsd.gauge-aqueduct-lite.request.count.github-production.storage_cluster.aqueduct_api_v1.Send.200
statsd.statsd.gauge-aqueduct-lite.request.count.github-production.wiki_maintenance_scheduler.aqueduct_api_v1.Ack.200
statsd.statsd.gauge-aqueduct-lite.request.count.github-production.wiki_maintenance_scheduler.aqueduct_api_v1.Send.200
statsd.statsd.gauge-aqueduct-lite.request.time.aqueduct_api_v1.Ack-count
statsd.statsd.gauge-aqueduct-lite.request.time.aqueduct_api_v1.Receive-count
statsd.statsd.gauge-aqueduct-lite.request.time.aqueduct_api_v1.Send-count
statsd.statsd.gauge-aqueduct-lite.runtime.goroutines
statsd.statsd.gauge-aqueduct-lite.runtime.memory.allocated
statsd.statsd.gauge-aqueduct-lite.runtime.memory.frees
statsd.statsd.gauge-aqueduct-lite.runtime.memory.gc.pause_per_second
statsd.statsd.gauge-aqueduct-lite.runtime.memory.gc.total_pause
statsd.statsd.gauge-aqueduct-lite.runtime.memory.heap
statsd.statsd.gauge-aqueduct-lite.runtime.memory.mallocs
statsd.statsd.gauge-aqueduct-lite.runtime.memory.stack
statsd.statsd.gauge-aqueduct-lite.store.queue_depth_scanner.time-count
statsd.statsd.gauge-aqueduct-lite.store.timeout_scanner.time-count
statsd.statsd.gauge-authzd.dbmanager.sql.idle
statsd.statsd.gauge-authzd.dbmanager.sql.in_use
statsd.statsd.gauge-authzd.dbmanager.sql.max_idle_closed
statsd.statsd.gauge-authzd.dbmanager.sql.max_lifetime_closed
statsd.statsd.gauge-authzd.dbmanager.sql.max_open_connections
statsd.statsd.gauge-authzd.dbmanager.sql.open_connections
statsd.statsd.gauge-authzd.dbmanager.sql.wait_count
statsd.statsd.gauge-authzd.dbmanager.sql.wait_duration
statsd.statsd.gauge-authzd.dbresolver.sql.idle
statsd.statsd.gauge-authzd.dbresolver.sql.in_use
statsd.statsd.gauge-authzd.dbresolver.sql.max_idle_closed
statsd.statsd.gauge-authzd.dbresolver.sql.max_idle_time_closed
statsd.statsd.gauge-authzd.dbresolver.sql.max_lifetime_closed
statsd.statsd.gauge-authzd.dbresolver.sql.max_open_connections
statsd.statsd.gauge-authzd.dbresolver.sql.open_connections
statsd.statsd.gauge-authzd.dbresolver.sql.wait_count
statsd.statsd.gauge-authzd.dbresolver.sql.wait_duration
statsd.statsd.gauge-authzd.mysql.conn_open
statsd.statsd.gauge-authzd.mysql.conn_time-count
statsd.statsd.gauge-authzd.proc.goroutines
statsd.statsd.gauge-authzd.proc.memory.allocated
statsd.statsd.gauge-authzd.proc.memory.frees
statsd.statsd.gauge-authzd.proc.memory.gc.pause_per_second
statsd.statsd.gauge-authzd.proc.memory.gc.total_pause
statsd.statsd.gauge-authzd.proc.memory.heap
statsd.statsd.gauge-authzd.proc.memory.mallocs
statsd.statsd.gauge-authzd.proc.memory.stack
statsd.statsd.gauge-authzd.response_count
statsd.statsd.gauge-authzd.response_duration-count
statsd.statsd.gauge-authzd.response_size-count
statsd.statsd.gauge-authzd.success_response_count
statsd.statsd.gauge-babeld2hydro.delivery
statsd.statsd.gauge-babeld2hydro.loadgeodb
statsd.statsd.gauge-consul.raft.apply
statsd.statsd.gauge-ghes-manage.proc.goroutines
statsd.statsd.gauge-ghes-manage.proc.memory.allocated
statsd.statsd.gauge-ghes-manage.proc.memory.frees
statsd.statsd.gauge-ghes-manage.proc.memory.gc.pause_per_second
statsd.statsd.gauge-ghes-manage.proc.memory.gc.total_pause
statsd.statsd.gauge-ghes-manage.proc.memory.heap
statsd.statsd.gauge-ghes-manage.proc.memory.mallocs
statsd.statsd.gauge-ghes-manage.proc.memory.stack
statsd.statsd.gauge-gitauth.unicorn.other.cpu_time-count
statsd.statsd.gauge-gitauth.unicorn.other.gc.allocations-count
statsd.statsd.gauge-gitauth.unicorn.other.gc.collections
statsd.statsd.gauge-gitauth.unicorn.other.gc.major
statsd.statsd.gauge-gitauth.unicorn.other.gc.minor
statsd.statsd.gauge-gitauth.unicorn.other.gc.time-count
statsd.statsd.gauge-gitauth.unicorn.other.idle_time-count
statsd.statsd.gauge-gitauth.unicorn.other.response_time-count
statsd.statsd.gauge-gitauth.unicorn.other.status_code.404.count
statsd.statsd.gauge-github.dgit.all.gists.bad-checksum.count
statsd.statsd.gauge-github.dgit.all.gists.cleanup.count
statsd.statsd.gauge-github.dgit.all.gists.failed.count
statsd.statsd.gauge-github.dgit.all.gists.no-checksum.count
statsd.statsd.gauge-github.dgit.all.networks.cleanup.count
statsd.statsd.gauge-github.dgit.all.networks.failed.count
statsd.statsd.gauge-github.dgit.all.repos.bad-checksum.count
statsd.statsd.gauge-github.dgit.all.repos.no-checksum.count
statsd.statsd.gauge-github.dgit.gist-maintenance-queries-count
statsd.statsd.gauge-github.dgit.maintenance-queries-count
statsd.statsd.gauge-github.exception.github.count
statsd.statsd.gauge-github.unicorn.anon.cpu_time-count
statsd.statsd.gauge-github.unicorn.anon.gc.allocations-count
statsd.statsd.gauge-github.unicorn.anon.gc.collections
statsd.statsd.gauge-github.unicorn.anon.gc.major
statsd.statsd.gauge-github.unicorn.anon.gc.minor
statsd.statsd.gauge-github.unicorn.anon.gc.time-count
statsd.statsd.gauge-github.unicorn.anon.idle_time-count
statsd.statsd.gauge-github.unicorn.anon.memcached.queries
statsd.statsd.gauge-github.unicorn.anon.memcached.time-count
statsd.statsd.gauge-github.unicorn.anon.mysql.queries
statsd.statsd.gauge-github.unicorn.anon.mysql.time-count
statsd.statsd.gauge-github.unicorn.anon.response_time-count
statsd.statsd.gauge-github.unicorn.anon.status_code.200.count
statsd.statsd.gauge-github.unicorn.anon.status_code.302.count
statsd.statsd.gauge-github.unicorn.api.cpu_time-count
statsd.statsd.gauge-github.unicorn.api.gc.allocations-count
statsd.statsd.gauge-github.unicorn.api.gc.collections
statsd.statsd.gauge-github.unicorn.api.gc.major
statsd.statsd.gauge-github.unicorn.api.gc.minor
statsd.statsd.gauge-github.unicorn.api.gc.time-count
statsd.statsd.gauge-github.unicorn.api.idle_time-count
statsd.statsd.gauge-github.unicorn.api.memcached.queries
statsd.statsd.gauge-github.unicorn.api.memcached.time-count
statsd.statsd.gauge-github.unicorn.api.mysql.queries
statsd.statsd.gauge-github.unicorn.api.mysql.time-count
statsd.statsd.gauge-github.unicorn.api.response_time-count
statsd.statsd.gauge-github.unicorn.api.status_code.200.count
statsd.statsd.gauge-github.unicorn.browser.requests_per_second-count
statsd.statsd.gauge-github.unicorn.browser.response_time-count
statsd.statsd.gauge-github.unicorn.other.cpu_time-count
statsd.statsd.gauge-github.unicorn.other.gc.allocations-count
statsd.statsd.gauge-github.unicorn.other.gc.collections
statsd.statsd.gauge-github.unicorn.other.gc.major
statsd.statsd.gauge-github.unicorn.other.gc.minor
statsd.statsd.gauge-github.unicorn.other.gc.time-count
statsd.statsd.gauge-github.unicorn.other.idle_time-count
statsd.statsd.gauge-github.unicorn.other.memcached.queries
statsd.statsd.gauge-github.unicorn.other.memcached.time-count
statsd.statsd.gauge-github.unicorn.other.mysql.queries
statsd.statsd.gauge-github.unicorn.other.mysql.time-count
statsd.statsd.gauge-github.unicorn.other.response_time-count
statsd.statsd.gauge-github.unicorn.other.status_code.200.count
statsd.statsd.gauge-github.unicorn.other.status_code.301.count
statsd.statsd.gauge-github.unicorn.other.status_code.302.count
statsd.statsd.gauge-hookshot.db.sql.idle
statsd.statsd.gauge-hookshot.db.sql.in_use
statsd.statsd.gauge-hookshot.db.sql.max_idle_closed
statsd.statsd.gauge-hookshot.db.sql.max_idle_time_closed
statsd.statsd.gauge-hookshot.db.sql.max_lifetime_closed
statsd.statsd.gauge-hookshot.db.sql.max_open_connections
statsd.statsd.gauge-hookshot.db.sql.open_connections
statsd.statsd.gauge-hookshot.db.sql.wait_count
statsd.statsd.gauge-hookshot.db.sql.wait_duration
statsd.statsd.gauge-hookshot.proc.goroutines
statsd.statsd.gauge-hookshot.proc.memory.allocated
statsd.statsd.gauge-hookshot.proc.memory.frees
statsd.statsd.gauge-hookshot.proc.memory.gc.pause_per_second
statsd.statsd.gauge-hookshot.proc.memory.gc.total_pause
statsd.statsd.gauge-hookshot.proc.memory.heap
statsd.statsd.gauge-hookshot.proc.memory.mallocs
statsd.statsd.gauge-hookshot.proc.memory.stack
statsd.statsd.gauge-hookshot.queue.pop-count
statsd.statsd.gauge-hookshot.workers.total
statsd.statsd.gauge-kafka-lite.broker.by-topic-noop.fetch.cp1-iad-ingest-github-v1-repositorycreate
statsd.statsd.gauge-kafka-lite.broker.by-topic-noop.fetch.cp1-iad-ingest-github-v1-repositoryrestored
statsd.statsd.gauge-kafka-lite.broker.by-topic-noop.fetch.cp1-iad-ingest-github-v1-repositoryvisibilitychanged
statsd.statsd.gauge-kafka-lite.broker.by-topic-noop.fetch.hamzo-v0-publishpackage
statsd.statsd.gauge-kafka-lite.broker.by-topic-noop.listoffset.cp1-iad-ingest-github-v1-repositorycreate
statsd.statsd.gauge-kafka-lite.broker.by-topic-noop.listoffset.cp1-iad-ingest-github-v1-repositoryrestored
statsd.statsd.gauge-kafka-lite.broker.by-topic-noop.listoffset.cp1-iad-ingest-github-v1-repositoryvisibilitychanged
statsd.statsd.gauge-kafka-lite.broker.by-topic-noop.listoffset.hamzo-v0-publishpackage
statsd.statsd.gauge-kafka-lite.broker.by-topic-noop.metadata.cp1-iad-ingest-github-v1-jobcomplete
statsd.statsd.gauge-kafka-lite.broker.by-topic-noop.metadata.cp1-iad-ingest-github-v1-repositorycreate
statsd.statsd.gauge-kafka-lite.broker.by-topic-noop.metadata.cp1-iad-ingest-github-v1-repositoryrestored
statsd.statsd.gauge-kafka-lite.broker.by-topic-noop.metadata.cp1-iad-ingest-github-v1-repositoryvisibilitychanged
statsd.statsd.gauge-kafka-lite.broker.by-topic-noop.metadata.cp1-iad-ingest-github-v1-request
statsd.statsd.gauge-kafka-lite.broker.by-topic-noop.metadata.cp1-iad-ingest-github-v1-usersignup
statsd.statsd.gauge-kafka-lite.broker.by-topic-noop.metadata.github-webhooks-v0-droppedeventmetadata
statsd.statsd.gauge-kafka-lite.broker.by-topic-noop.metadata.hamzo-v0-publishpackage
statsd.statsd.gauge-kafka-lite.broker.by-topic-noop.offsetfetch.cp1-iad-ingest-github-v1-repositorycreate
statsd.statsd.gauge-kafka-lite.broker.by-topic-noop.offsetfetch.cp1-iad-ingest-github-v1-repositoryrestored
statsd.statsd.gauge-kafka-lite.broker.by-topic-noop.offsetfetch.cp1-iad-ingest-github-v1-repositoryvisibilitychanged
statsd.statsd.gauge-kafka-lite.broker.by-topic-noop.offsetfetch.hamzo-v0-publishpackage
statsd.statsd.gauge-kafka-lite.broker.by-topic-noop.produce.cp1-iad-ingest-github-v1-jobcomplete
statsd.statsd.gauge-kafka-lite.broker.by-topic-noop.produce.cp1-iad-ingest-github-v1-request
statsd.statsd.gauge-kafka-lite.broker.by-topic-noop.produce.cp1-iad-ingest-github-v1-usersignup
statsd.statsd.gauge-kafka-lite.broker.by-topic-noop.produce.github-webhooks-v0-droppedeventmetadata
statsd.statsd.gauge-kafka-lite.broker.by-topic.fetch.code_scanning-v0-failedanalysis
statsd.statsd.gauge-kafka-lite.broker.by-topic.fetch.code_scanning-v0-newanalysis
statsd.statsd.gauge-kafka-lite.broker.by-topic.fetch.code_scanning-v0-processedanalysis
statsd.statsd.gauge-kafka-lite.broker.by-topic.fetch.cp1-iad-ingest-audit_log-v2-auditentry
statsd.statsd.gauge-kafka-lite.broker.by-topic.fetch.cp1-iad-ingest-github-actions-v0-cacheusage
statsd.statsd.gauge-kafka-lite.broker.by-topic.fetch.cp1-iad-ingest-github-billing-v0-meteredadvancedsecuritycontribution
statsd.statsd.gauge-kafka-lite.broker.by-topic.fetch.cp1-iad-ingest-github-billing-v0-meteredadvancedsecuritypostreceivebackfill
statsd.statsd.gauge-kafka-lite.broker.by-topic.fetch.cp1-iad-ingest-github-billing-v0-meteredadvancedsecuritypostreceivebackfill-deadletter
statsd.statsd.gauge-kafka-lite.broker.by-topic.fetch.cp1-iad-ingest-github-memex-v1-memexprojectcolumncreate
statsd.statsd.gauge-kafka-lite.broker.by-topic.fetch.cp1-iad-ingest-github-security_center-v0-securityfeaturerepoupdate
statsd.statsd.gauge-kafka-lite.broker.by-topic.fetch.cp1-iad-ingest-github-v1-branchprotectionrulechange
statsd.statsd.gauge-kafka-lite.broker.by-topic.fetch.cp1-iad-ingest-github-v1-checksuitestatuschange
statsd.statsd.gauge-kafka-lite.broker.by-topic.fetch.cp1-iad-ingest-github-v1-environmentdeleted
statsd.statsd.gauge-kafka-lite.broker.by-topic.fetch.cp1-iad-ingest-github-v1-gistcreate
statsd.statsd.gauge-kafka-lite.broker.by-topic.fetch.cp1-iad-ingest-github-v1-gistupdate
statsd.statsd.gauge-kafka-lite.broker.by-topic.fetch.cp1-iad-ingest-github-v1-issueclose
statsd.statsd.gauge-kafka-lite.broker.by-topic.fetch.cp1-iad-ingest-github-v1-issuereopen
statsd.statsd.gauge-kafka-lite.broker.by-topic.fetch.cp1-iad-ingest-github-v1-issueupdatemilestone
statsd.statsd.gauge-kafka-lite.broker.by-topic.fetch.cp1-iad-ingest-github-v1-postreceive
statsd.statsd.gauge-kafka-lite.broker.by-topic.fetch.cp1-iad-ingest-github-v1-pullrequestclose
statsd.statsd.gauge-kafka-lite.broker.by-topic.fetch.cp1-iad-ingest-github-v1-pullrequestcreate
statsd.statsd.gauge-kafka-lite.broker.by-topic.fetch.cp1-iad-ingest-github-v1-pullrequestmerge
statsd.statsd.gauge-kafka-lite.broker.by-topic.fetch.cp1-iad-ingest-github-v1-pullrequestreopen
statsd.statsd.gauge-kafka-lite.broker.by-topic.fetch.cp1-iad-ingest-github-v1-pullrequestreviewsubmit
statsd.statsd.gauge-kafka-lite.broker.by-topic.fetch.cp1-iad-ingest-github-v1-repositorydeleted
statsd.statsd.gauge-kafka-lite.broker.by-topic.fetch.cp1-iad-ingest-github-v1-repositorytransfer
statsd.statsd.gauge-kafka-lite.broker.by-topic.fetch.cp1-iad-ingest-github-v1-secretscanconfigchange
statsd.statsd.gauge-kafka-lite.broker.by-topic.fetch.cp1-iad-ingest-github-v1-securitycenterrepositoryupdate
statsd.statsd.gauge-kafka-lite.broker.by-topic.fetch.cp1-iad-ingest-github-v1-tokenscannotify
statsd.statsd.gauge-kafka-lite.broker.by-topic.fetch.cp1-iad-ingest-github-v1-userdestroy
statsd.statsd.gauge-kafka-lite.broker.by-topic.fetch.cp1-iad-ingest-live_updates-v0-message
statsd.statsd.gauge-kafka-lite.broker.by-topic.fetch.cp1-iad-ingest-package_registry-v0-packagedeleted
statsd.statsd.gauge-kafka-lite.broker.by-topic.fetch.cp1-iad-ingest-package_registry-v0-packagepublished
statsd.statsd.gauge-kafka-lite.broker.by-topic.fetch.cp1-iad-ingest-package_registry-v0-packagetransferred
statsd.statsd.gauge-kafka-lite.broker.by-topic.fetch.cp1-iad-ingest-package_registry-v0-packageversiondeleted
statsd.statsd.gauge-kafka-lite.broker.by-topic.fetch.cp1-iad-ingest-package_registry-v0-packageversiondownloaded
statsd.statsd.gauge-kafka-lite.broker.by-topic.fetch.cp1-iad-ingest-package_registry-v0-packageversionpublished
statsd.statsd.gauge-kafka-lite.broker.by-topic.fetch.cp1-iad-ingest-registry_metadata-v0-versionmigrationstatus
statsd.statsd.gauge-kafka-lite.broker.by-topic.fetch.cp1-iad-ingest-token_scanning_service-v0-alertevents
statsd.statsd.gauge-kafka-lite.broker.by-topic.fetch.cp1-iad-ingest-token_scanning_service-v0-backfillrequest
statsd.statsd.gauge-kafka-lite.broker.by-topic.fetch.cp1-iad-ingest-turboscan-v0-alertevent
statsd.statsd.gauge-kafka-lite.broker.by-topic.fetch.github-billing-v0-meteredadvancedsecuritycontributionbackfill
statsd.statsd.gauge-kafka-lite.broker.by-topic.fetch.github-memex-v0-memexprojectcolumnvaluecreate
statsd.statsd.gauge-kafka-lite.broker.by-topic.fetch.github-memex-v0-memexprojectcolumnvaluedestroy
statsd.statsd.gauge-kafka-lite.broker.by-topic.fetch.github-memex-v0-memexprojectcolumnvalueupdate
statsd.statsd.gauge-kafka-lite.broker.by-topic.fetch.github-memex-v0-memexprojectevent
statsd.statsd.gauge-kafka-lite.broker.by-topic.fetch.github-memex-v0-memexprojectviewcreate
statsd.statsd.gauge-kafka-lite.broker.by-topic.fetch.github-memex-v0-memexprojectviewdestroy
statsd.statsd.gauge-kafka-lite.broker.by-topic.fetch.github-memex-v0-memexprojectviewupdate
statsd.statsd.gauge-kafka-lite.broker.by-topic.fetch.github-memex-v0-projectitemcreate
statsd.statsd.gauge-kafka-lite.broker.by-topic.fetch.github-memex-v0-projectitemdestroy
statsd.statsd.gauge-kafka-lite.broker.by-topic.fetch.github-memex-v0-projectitemupdate
statsd.statsd.gauge-kafka-lite.broker.by-topic.fetch.github-memex-v1-memexprojectcolumndestroy
statsd.statsd.gauge-kafka-lite.broker.by-topic.fetch.github-memex-v1-memexprojectcolumnupdate
statsd.statsd.gauge-kafka-lite.broker.by-topic.fetch.github-memex_automation-v0-issuecreateevent
statsd.statsd.gauge-kafka-lite.broker.by-topic.fetch.github-memex_automation-v0-issueupdateevent
statsd.statsd.gauge-kafka-lite.broker.by-topic.fetch.github-repositories-v1-created
statsd.statsd.gauge-kafka-lite.broker.by-topic.fetch.github-repositories-v1-deleted
statsd.statsd.gauge-kafka-lite.broker.by-topic.fetch.github-repositories-v1-transferred
statsd.statsd.gauge-kafka-lite.broker.by-topic.fetch.github-repositories-v1-visibilitychanged
statsd.statsd.gauge-kafka-lite.broker.by-topic.fetch.github-secret_scanning-v1-issuecommentscan
statsd.statsd.gauge-kafka-lite.broker.by-topic.fetch.github-secret_scanning-v1-issuescan
statsd.statsd.gauge-kafka-lite.broker.by-topic.fetch.github-security_center-v1-securityfeaturerepoupdate
statsd.statsd.gauge-kafka-lite.broker.by-topic.fetch.github-v1-gistpush
statsd.statsd.gauge-kafka-lite.broker.by-topic.fetch.github-v1-issueconvertedtodiscussion
statsd.statsd.gauge-kafka-lite.broker.by-topic.fetch.github-v1-issueupdateassignee
statsd.statsd.gauge-kafka-lite.broker.by-topic.fetch.github-v1-issueupdatelabel
statsd.statsd.gauge-kafka-lite.broker.by-topic.fetch.github-v1-pullrequestupdate
statsd.statsd.gauge-kafka-lite.broker.by-topic.fetch.octochat-v0-login
statsd.statsd.gauge-kafka-lite.broker.by-topic.fetch.pages_deployer-v0-deploymentstatus
statsd.statsd.gauge-kafka-lite.broker.by-topic.fetch.registry_metadata-v0-migrationdatasyncevent
statsd.statsd.gauge-kafka-lite.broker.by-topic.fetch.token_scanning_service-v0-backfillgrouprequest
statsd.statsd.gauge-kafka-lite.broker.by-topic.fetch.token_scanning_service-v0-custompatterndryrunnotify
statsd.statsd.gauge-kafka-lite.broker.by-topic.fetch.token_scanning_service-v0-enablementchange
statsd.statsd.gauge-kafka-lite.broker.by-topic.fetch.token_scanning_service-v0-jobgroupevent
statsd.statsd.gauge-kafka-lite.broker.by-topic.listoffset.code_scanning-v0-failedanalysis
statsd.statsd.gauge-kafka-lite.broker.by-topic.listoffset.code_scanning-v0-newanalysis
statsd.statsd.gauge-kafka-lite.broker.by-topic.listoffset.code_scanning-v0-processedanalysis
statsd.statsd.gauge-kafka-lite.broker.by-topic.listoffset.cp1-iad-ingest-audit_log-v2-auditentry
statsd.statsd.gauge-kafka-lite.broker.by-topic.listoffset.cp1-iad-ingest-github-actions-v0-cacheusage
statsd.statsd.gauge-kafka-lite.broker.by-topic.listoffset.cp1-iad-ingest-github-billing-v0-meteredadvancedsecuritycontribution
statsd.statsd.gauge-kafka-lite.broker.by-topic.listoffset.cp1-iad-ingest-github-billing-v0-meteredadvancedsecuritypostreceivebackfill
statsd.statsd.gauge-kafka-lite.broker.by-topic.listoffset.cp1-iad-ingest-github-billing-v0-meteredadvancedsecuritypostreceivebackfill-deadletter
statsd.statsd.gauge-kafka-lite.broker.by-topic.listoffset.cp1-iad-ingest-github-memex-v1-memexprojectcolumncreate
statsd.statsd.gauge-kafka-lite.broker.by-topic.listoffset.cp1-iad-ingest-github-security_center-v0-securityfeaturerepoupdate
statsd.statsd.gauge-kafka-lite.broker.by-topic.listoffset.cp1-iad-ingest-github-v1-branchprotectionrulechange
statsd.statsd.gauge-kafka-lite.broker.by-topic.listoffset.cp1-iad-ingest-github-v1-checksuitestatuschange
statsd.statsd.gauge-kafka-lite.broker.by-topic.listoffset.cp1-iad-ingest-github-v1-environmentdeleted
statsd.statsd.gauge-kafka-lite.broker.by-topic.listoffset.cp1-iad-ingest-github-v1-gistcreate
statsd.statsd.gauge-kafka-lite.broker.by-topic.listoffset.cp1-iad-ingest-github-v1-gistupdate
statsd.statsd.gauge-kafka-lite.broker.by-topic.listoffset.cp1-iad-ingest-github-v1-issueclose
statsd.statsd.gauge-kafka-lite.broker.by-topic.listoffset.cp1-iad-ingest-github-v1-issuereopen
statsd.statsd.gauge-kafka-lite.broker.by-topic.listoffset.cp1-iad-ingest-github-v1-issueupdatemilestone
statsd.statsd.gauge-kafka-lite.broker.by-topic.listoffset.cp1-iad-ingest-github-v1-postreceive
statsd.statsd.gauge-kafka-lite.broker.by-topic.listoffset.cp1-iad-ingest-github-v1-pullrequestclose
statsd.statsd.gauge-kafka-lite.broker.by-topic.listoffset.cp1-iad-ingest-github-v1-pullrequestcreate
statsd.statsd.gauge-kafka-lite.broker.by-topic.listoffset.cp1-iad-ingest-github-v1-pullrequestmerge
statsd.statsd.gauge-kafka-lite.broker.by-topic.listoffset.cp1-iad-ingest-github-v1-pullrequestreopen
statsd.statsd.gauge-kafka-lite.broker.by-topic.listoffset.cp1-iad-ingest-github-v1-pullrequestreviewsubmit
statsd.statsd.gauge-kafka-lite.broker.by-topic.listoffset.cp1-iad-ingest-github-v1-repositorydeleted
statsd.statsd.gauge-kafka-lite.broker.by-topic.listoffset.cp1-iad-ingest-github-v1-repositorytransfer
statsd.statsd.gauge-kafka-lite.broker.by-topic.listoffset.cp1-iad-ingest-github-v1-secretscanconfigchange
statsd.statsd.gauge-kafka-lite.broker.by-topic.listoffset.cp1-iad-ingest-github-v1-securitycenterrepositoryupdate
statsd.statsd.gauge-kafka-lite.broker.by-topic.listoffset.cp1-iad-ingest-github-v1-tokenscannotify
statsd.statsd.gauge-kafka-lite.broker.by-topic.listoffset.cp1-iad-ingest-github-v1-userdestroy
statsd.statsd.gauge-kafka-lite.broker.by-topic.listoffset.cp1-iad-ingest-live_updates-v0-message
statsd.statsd.gauge-kafka-lite.broker.by-topic.listoffset.cp1-iad-ingest-package_registry-v0-packagedeleted
statsd.statsd.gauge-kafka-lite.broker.by-topic.listoffset.cp1-iad-ingest-package_registry-v0-packagepublished
statsd.statsd.gauge-kafka-lite.broker.by-topic.listoffset.cp1-iad-ingest-package_registry-v0-packagetransferred
statsd.statsd.gauge-kafka-lite.broker.by-topic.listoffset.cp1-iad-ingest-package_registry-v0-packageversiondeleted
statsd.statsd.gauge-kafka-lite.broker.by-topic.listoffset.cp1-iad-ingest-package_registry-v0-packageversiondownloaded
statsd.statsd.gauge-kafka-lite.broker.by-topic.listoffset.cp1-iad-ingest-package_registry-v0-packageversionpublished
statsd.statsd.gauge-kafka-lite.broker.by-topic.listoffset.cp1-iad-ingest-registry_metadata-v0-versionmigrationstatus
statsd.statsd.gauge-kafka-lite.broker.by-topic.listoffset.cp1-iad-ingest-token_scanning_service-v0-alertevents
statsd.statsd.gauge-kafka-lite.broker.by-topic.listoffset.cp1-iad-ingest-token_scanning_service-v0-backfillrequest
statsd.statsd.gauge-kafka-lite.broker.by-topic.listoffset.cp1-iad-ingest-turboscan-v0-alertevent
statsd.statsd.gauge-kafka-lite.broker.by-topic.listoffset.github-billing-v0-meteredadvancedsecuritycontributionbackfill
statsd.statsd.gauge-kafka-lite.broker.by-topic.listoffset.github-memex-v0-memexprojectcolumnvaluecreate
statsd.statsd.gauge-kafka-lite.broker.by-topic.listoffset.github-memex-v0-memexprojectcolumnvaluedestroy
statsd.statsd.gauge-kafka-lite.broker.by-topic.listoffset.github-memex-v0-memexprojectcolumnvalueupdate
statsd.statsd.gauge-kafka-lite.broker.by-topic.listoffset.github-memex-v0-memexprojectevent
statsd.statsd.gauge-kafka-lite.broker.by-topic.listoffset.github-memex-v0-memexprojectviewcreate
statsd.statsd.gauge-kafka-lite.broker.by-topic.listoffset.github-memex-v0-memexprojectviewdestroy
statsd.statsd.gauge-kafka-lite.broker.by-topic.listoffset.github-memex-v0-memexprojectviewupdate
statsd.statsd.gauge-kafka-lite.broker.by-topic.listoffset.github-memex-v0-projectitemcreate
statsd.statsd.gauge-kafka-lite.broker.by-topic.listoffset.github-memex-v0-projectitemdestroy
statsd.statsd.gauge-kafka-lite.broker.by-topic.listoffset.github-memex-v0-projectitemupdate
statsd.statsd.gauge-kafka-lite.broker.by-topic.listoffset.github-memex-v1-memexprojectcolumndestroy
statsd.statsd.gauge-kafka-lite.broker.by-topic.listoffset.github-memex-v1-memexprojectcolumnupdate
statsd.statsd.gauge-kafka-lite.broker.by-topic.listoffset.github-memex_automation-v0-issuecreateevent
statsd.statsd.gauge-kafka-lite.broker.by-topic.listoffset.github-memex_automation-v0-issueupdateevent
statsd.statsd.gauge-kafka-lite.broker.by-topic.listoffset.github-repositories-v1-created
statsd.statsd.gauge-kafka-lite.broker.by-topic.listoffset.github-repositories-v1-deleted
statsd.statsd.gauge-kafka-lite.broker.by-topic.listoffset.github-repositories-v1-transferred
statsd.statsd.gauge-kafka-lite.broker.by-topic.listoffset.github-repositories-v1-visibilitychanged
statsd.statsd.gauge-kafka-lite.broker.by-topic.listoffset.github-secret_scanning-v1-issuecommentscan
statsd.statsd.gauge-kafka-lite.broker.by-topic.listoffset.github-secret_scanning-v1-issuescan
statsd.statsd.gauge-kafka-lite.broker.by-topic.listoffset.github-security_center-v1-securityfeaturerepoupdate
statsd.statsd.gauge-kafka-lite.broker.by-topic.listoffset.github-v1-gistpush
statsd.statsd.gauge-kafka-lite.broker.by-topic.listoffset.github-v1-issueconvertedtodiscussion
statsd.statsd.gauge-kafka-lite.broker.by-topic.listoffset.github-v1-issueupdateassignee
statsd.statsd.gauge-kafka-lite.broker.by-topic.listoffset.github-v1-issueupdatelabel
statsd.statsd.gauge-kafka-lite.broker.by-topic.listoffset.github-v1-pullrequestupdate
statsd.statsd.gauge-kafka-lite.broker.by-topic.listoffset.octochat-v0-login
statsd.statsd.gauge-kafka-lite.broker.by-topic.listoffset.pages_deployer-v0-deploymentstatus
statsd.statsd.gauge-kafka-lite.broker.by-topic.listoffset.registry_metadata-v0-migrationdatasyncevent
statsd.statsd.gauge-kafka-lite.broker.by-topic.listoffset.token_scanning_service-v0-backfillgrouprequest
statsd.statsd.gauge-kafka-lite.broker.by-topic.listoffset.token_scanning_service-v0-custompatterndryrunnotify
statsd.statsd.gauge-kafka-lite.broker.by-topic.listoffset.token_scanning_service-v0-enablementchange
statsd.statsd.gauge-kafka-lite.broker.by-topic.listoffset.token_scanning_service-v0-jobgroupevent
statsd.statsd.gauge-kafka-lite.broker.by-topic.metadata.code_scanning-v0-failedanalysis
statsd.statsd.gauge-kafka-lite.broker.by-topic.metadata.code_scanning-v0-newanalysis
statsd.statsd.gauge-kafka-lite.broker.by-topic.metadata.code_scanning-v0-processedanalysis
statsd.statsd.gauge-kafka-lite.broker.by-topic.metadata.cp1-iad-ingest-audit_log-v2-auditentry
statsd.statsd.gauge-kafka-lite.broker.by-topic.metadata.cp1-iad-ingest-github-actions-v0-cacheusage
statsd.statsd.gauge-kafka-lite.broker.by-topic.metadata.cp1-iad-ingest-github-billing-v0-meteredadvancedsecuritycontribution
statsd.statsd.gauge-kafka-lite.broker.by-topic.metadata.cp1-iad-ingest-github-billing-v0-meteredadvancedsecuritypostreceivebackfill
statsd.statsd.gauge-kafka-lite.broker.by-topic.metadata.cp1-iad-ingest-github-billing-v0-meteredadvancedsecuritypostreceivebackfill-deadletter
statsd.statsd.gauge-kafka-lite.broker.by-topic.metadata.cp1-iad-ingest-github-memex-v1-memexprojectcolumncreate
statsd.statsd.gauge-kafka-lite.broker.by-topic.metadata.cp1-iad-ingest-github-security_center-v0-securityfeaturerepoupdate
statsd.statsd.gauge-kafka-lite.broker.by-topic.metadata.cp1-iad-ingest-github-v1-branchprotectionrulechange
statsd.statsd.gauge-kafka-lite.broker.by-topic.metadata.cp1-iad-ingest-github-v1-checksuitestatuschange
statsd.statsd.gauge-kafka-lite.broker.by-topic.metadata.cp1-iad-ingest-github-v1-environmentdeleted
statsd.statsd.gauge-kafka-lite.broker.by-topic.metadata.cp1-iad-ingest-github-v1-gistcreate
statsd.statsd.gauge-kafka-lite.broker.by-topic.metadata.cp1-iad-ingest-github-v1-gistupdate
statsd.statsd.gauge-kafka-lite.broker.by-topic.metadata.cp1-iad-ingest-github-v1-issueclose
statsd.statsd.gauge-kafka-lite.broker.by-topic.metadata.cp1-iad-ingest-github-v1-issuereopen
statsd.statsd.gauge-kafka-lite.broker.by-topic.metadata.cp1-iad-ingest-github-v1-issueupdatemilestone
statsd.statsd.gauge-kafka-lite.broker.by-topic.metadata.cp1-iad-ingest-github-v1-postreceive
statsd.statsd.gauge-kafka-lite.broker.by-topic.metadata.cp1-iad-ingest-github-v1-pullrequestclose
statsd.statsd.gauge-kafka-lite.broker.by-topic.metadata.cp1-iad-ingest-github-v1-pullrequestcreate
statsd.statsd.gauge-kafka-lite.broker.by-topic.metadata.cp1-iad-ingest-github-v1-pullrequestmerge
statsd.statsd.gauge-kafka-lite.broker.by-topic.metadata.cp1-iad-ingest-github-v1-pullrequestreopen
statsd.statsd.gauge-kafka-lite.broker.by-topic.metadata.cp1-iad-ingest-github-v1-pullrequestreviewsubmit
statsd.statsd.gauge-kafka-lite.broker.by-topic.metadata.cp1-iad-ingest-github-v1-repositorydeleted
statsd.statsd.gauge-kafka-lite.broker.by-topic.metadata.cp1-iad-ingest-github-v1-repositorytransfer
statsd.statsd.gauge-kafka-lite.broker.by-topic.metadata.cp1-iad-ingest-github-v1-secretscanconfigchange
statsd.statsd.gauge-kafka-lite.broker.by-topic.metadata.cp1-iad-ingest-github-v1-securitycenterrepositoryupdate
statsd.statsd.gauge-kafka-lite.broker.by-topic.metadata.cp1-iad-ingest-github-v1-tokenscannotify
statsd.statsd.gauge-kafka-lite.broker.by-topic.metadata.cp1-iad-ingest-github-v1-userdestroy
statsd.statsd.gauge-kafka-lite.broker.by-topic.metadata.cp1-iad-ingest-live_updates-v0-message
statsd.statsd.gauge-kafka-lite.broker.by-topic.metadata.cp1-iad-ingest-package_registry-v0-packagedeleted
statsd.statsd.gauge-kafka-lite.broker.by-topic.metadata.cp1-iad-ingest-package_registry-v0-packagepublished
statsd.statsd.gauge-kafka-lite.broker.by-topic.metadata.cp1-iad-ingest-package_registry-v0-packagetransferred
statsd.statsd.gauge-kafka-lite.broker.by-topic.metadata.cp1-iad-ingest-package_registry-v0-packageversiondeleted
statsd.statsd.gauge-kafka-lite.broker.by-topic.metadata.cp1-iad-ingest-package_registry-v0-packageversiondownloaded
statsd.statsd.gauge-kafka-lite.broker.by-topic.metadata.cp1-iad-ingest-package_registry-v0-packageversionpublished
statsd.statsd.gauge-kafka-lite.broker.by-topic.metadata.cp1-iad-ingest-registry_metadata-v0-versionmigrationstatus
statsd.statsd.gauge-kafka-lite.broker.by-topic.metadata.cp1-iad-ingest-token_scanning_service-v0-alertevents
statsd.statsd.gauge-kafka-lite.broker.by-topic.metadata.cp1-iad-ingest-token_scanning_service-v0-backfillrequest
statsd.statsd.gauge-kafka-lite.broker.by-topic.metadata.cp1-iad-ingest-turboscan-v0-alertevent
statsd.statsd.gauge-kafka-lite.broker.by-topic.metadata.github-billing-v0-meteredadvancedsecuritycontributionbackfill
statsd.statsd.gauge-kafka-lite.broker.by-topic.metadata.github-memex-v0-memexprojectcolumnvaluecreate
statsd.statsd.gauge-kafka-lite.broker.by-topic.metadata.github-memex-v0-memexprojectcolumnvaluedestroy
statsd.statsd.gauge-kafka-lite.broker.by-topic.metadata.github-memex-v0-memexprojectcolumnvalueupdate
statsd.statsd.gauge-kafka-lite.broker.by-topic.metadata.github-memex-v0-memexprojectevent
statsd.statsd.gauge-kafka-lite.broker.by-topic.metadata.github-memex-v0-memexprojectviewcreate
statsd.statsd.gauge-kafka-lite.broker.by-topic.metadata.github-memex-v0-memexprojectviewdestroy
statsd.statsd.gauge-kafka-lite.broker.by-topic.metadata.github-memex-v0-memexprojectviewupdate
statsd.statsd.gauge-kafka-lite.broker.by-topic.metadata.github-memex-v0-projectitemcreate
statsd.statsd.gauge-kafka-lite.broker.by-topic.metadata.github-memex-v0-projectitemdestroy
statsd.statsd.gauge-kafka-lite.broker.by-topic.metadata.github-memex-v0-projectitemupdate
statsd.statsd.gauge-kafka-lite.broker.by-topic.metadata.github-memex-v1-memexprojectcolumndestroy
statsd.statsd.gauge-kafka-lite.broker.by-topic.metadata.github-memex-v1-memexprojectcolumnupdate
statsd.statsd.gauge-kafka-lite.broker.by-topic.metadata.github-memex_automation-v0-issuecreateevent
statsd.statsd.gauge-kafka-lite.broker.by-topic.metadata.github-memex_automation-v0-issueupdateevent
statsd.statsd.gauge-kafka-lite.broker.by-topic.metadata.github-repositories-v1-created
statsd.statsd.gauge-kafka-lite.broker.by-topic.metadata.github-repositories-v1-deleted
statsd.statsd.gauge-kafka-lite.broker.by-topic.metadata.github-repositories-v1-transferred
statsd.statsd.gauge-kafka-lite.broker.by-topic.metadata.github-repositories-v1-visibilitychanged
statsd.statsd.gauge-kafka-lite.broker.by-topic.metadata.github-secret_scanning-v1-issuecommentscan
statsd.statsd.gauge-kafka-lite.broker.by-topic.metadata.github-secret_scanning-v1-issuescan
statsd.statsd.gauge-kafka-lite.broker.by-topic.metadata.github-security_center-v1-securityfeaturerepoupdate
statsd.statsd.gauge-kafka-lite.broker.by-topic.metadata.github-v1-gistpush
statsd.statsd.gauge-kafka-lite.broker.by-topic.metadata.github-v1-issueconvertedtodiscussion
statsd.statsd.gauge-kafka-lite.broker.by-topic.metadata.github-v1-issueupdateassignee
statsd.statsd.gauge-kafka-lite.broker.by-topic.metadata.github-v1-issueupdatelabel
statsd.statsd.gauge-kafka-lite.broker.by-topic.metadata.github-v1-pullrequestupdate
statsd.statsd.gauge-kafka-lite.broker.by-topic.metadata.octochat-v0-login
statsd.statsd.gauge-kafka-lite.broker.by-topic.metadata.pages_deployer-v0-deploymentstatus
statsd.statsd.gauge-kafka-lite.broker.by-topic.metadata.registry_metadata-v0-migrationdatasyncevent
statsd.statsd.gauge-kafka-lite.broker.by-topic.metadata.token_scanning_service-v0-backfillgrouprequest
statsd.statsd.gauge-kafka-lite.broker.by-topic.metadata.token_scanning_service-v0-custompatterndryrunnotify
statsd.statsd.gauge-kafka-lite.broker.by-topic.metadata.token_scanning_service-v0-enablementchange
statsd.statsd.gauge-kafka-lite.broker.by-topic.metadata.token_scanning_service-v0-jobgroupevent
statsd.statsd.gauge-kafka-lite.broker.by-topic.offsetcommit.cp1-iad-ingest-audit_log-v2-auditentry
statsd.statsd.gauge-kafka-lite.broker.by-topic.offsetfetch.code_scanning-v0-failedanalysis
statsd.statsd.gauge-kafka-lite.broker.by-topic.offsetfetch.code_scanning-v0-newanalysis
statsd.statsd.gauge-kafka-lite.broker.by-topic.offsetfetch.code_scanning-v0-processedanalysis
statsd.statsd.gauge-kafka-lite.broker.by-topic.offsetfetch.cp1-iad-ingest-audit_log-v2-auditentry
statsd.statsd.gauge-kafka-lite.broker.by-topic.offsetfetch.cp1-iad-ingest-github-actions-v0-cacheusage
statsd.statsd.gauge-kafka-lite.broker.by-topic.offsetfetch.cp1-iad-ingest-github-billing-v0-meteredadvancedsecuritycontribution
statsd.statsd.gauge-kafka-lite.broker.by-topic.offsetfetch.cp1-iad-ingest-github-billing-v0-meteredadvancedsecuritypostreceivebackfill
statsd.statsd.gauge-kafka-lite.broker.by-topic.offsetfetch.cp1-iad-ingest-github-billing-v0-meteredadvancedsecuritypostreceivebackfill-deadletter
statsd.statsd.gauge-kafka-lite.broker.by-topic.offsetfetch.cp1-iad-ingest-github-memex-v1-memexprojectcolumncreate
statsd.statsd.gauge-kafka-lite.broker.by-topic.offsetfetch.cp1-iad-ingest-github-security_center-v0-securityfeaturerepoupdate
statsd.statsd.gauge-kafka-lite.broker.by-topic.offsetfetch.cp1-iad-ingest-github-v1-branchprotectionrulechange
statsd.statsd.gauge-kafka-lite.broker.by-topic.offsetfetch.cp1-iad-ingest-github-v1-checksuitestatuschange
statsd.statsd.gauge-kafka-lite.broker.by-topic.offsetfetch.cp1-iad-ingest-github-v1-environmentdeleted
statsd.statsd.gauge-kafka-lite.broker.by-topic.offsetfetch.cp1-iad-ingest-github-v1-gistcreate
statsd.statsd.gauge-kafka-lite.broker.by-topic.offsetfetch.cp1-iad-ingest-github-v1-gistupdate
statsd.statsd.gauge-kafka-lite.broker.by-topic.offsetfetch.cp1-iad-ingest-github-v1-issueclose
statsd.statsd.gauge-kafka-lite.broker.by-topic.offsetfetch.cp1-iad-ingest-github-v1-issuereopen
statsd.statsd.gauge-kafka-lite.broker.by-topic.offsetfetch.cp1-iad-ingest-github-v1-issueupdatemilestone
statsd.statsd.gauge-kafka-lite.broker.by-topic.offsetfetch.cp1-iad-ingest-github-v1-postreceive
statsd.statsd.gauge-kafka-lite.broker.by-topic.offsetfetch.cp1-iad-ingest-github-v1-pullrequestclose
statsd.statsd.gauge-kafka-lite.broker.by-topic.offsetfetch.cp1-iad-ingest-github-v1-pullrequestcreate
statsd.statsd.gauge-kafka-lite.broker.by-topic.offsetfetch.cp1-iad-ingest-github-v1-pullrequestmerge
statsd.statsd.gauge-kafka-lite.broker.by-topic.offsetfetch.cp1-iad-ingest-github-v1-pullrequestreopen
statsd.statsd.gauge-kafka-lite.broker.by-topic.offsetfetch.cp1-iad-ingest-github-v1-pullrequestreviewsubmit
statsd.statsd.gauge-kafka-lite.broker.by-topic.offsetfetch.cp1-iad-ingest-github-v1-repositorydeleted
statsd.statsd.gauge-kafka-lite.broker.by-topic.offsetfetch.cp1-iad-ingest-github-v1-repositorytransfer
statsd.statsd.gauge-kafka-lite.broker.by-topic.offsetfetch.cp1-iad-ingest-github-v1-secretscanconfigchange
statsd.statsd.gauge-kafka-lite.broker.by-topic.offsetfetch.cp1-iad-ingest-github-v1-securitycenterrepositoryupdate
statsd.statsd.gauge-kafka-lite.broker.by-topic.offsetfetch.cp1-iad-ingest-github-v1-tokenscannotify
statsd.statsd.gauge-kafka-lite.broker.by-topic.offsetfetch.cp1-iad-ingest-github-v1-userdestroy
statsd.statsd.gauge-kafka-lite.broker.by-topic.offsetfetch.cp1-iad-ingest-live_updates-v0-message
statsd.statsd.gauge-kafka-lite.broker.by-topic.offsetfetch.cp1-iad-ingest-package_registry-v0-packagedeleted
statsd.statsd.gauge-kafka-lite.broker.by-topic.offsetfetch.cp1-iad-ingest-package_registry-v0-packagepublished
statsd.statsd.gauge-kafka-lite.broker.by-topic.offsetfetch.cp1-iad-ingest-package_registry-v0-packagetransferred
statsd.statsd.gauge-kafka-lite.broker.by-topic.offsetfetch.cp1-iad-ingest-package_registry-v0-packageversiondeleted
statsd.statsd.gauge-kafka-lite.broker.by-topic.offsetfetch.cp1-iad-ingest-package_registry-v0-packageversiondownloaded
statsd.statsd.gauge-kafka-lite.broker.by-topic.offsetfetch.cp1-iad-ingest-package_registry-v0-packageversionpublished
statsd.statsd.gauge-kafka-lite.broker.by-topic.offsetfetch.cp1-iad-ingest-registry_metadata-v0-versionmigrationstatus
statsd.statsd.gauge-kafka-lite.broker.by-topic.offsetfetch.cp1-iad-ingest-token_scanning_service-v0-alertevents
statsd.statsd.gauge-kafka-lite.broker.by-topic.offsetfetch.cp1-iad-ingest-token_scanning_service-v0-backfillrequest
statsd.statsd.gauge-kafka-lite.broker.by-topic.offsetfetch.cp1-iad-ingest-turboscan-v0-alertevent
statsd.statsd.gauge-kafka-lite.broker.by-topic.offsetfetch.github-billing-v0-meteredadvancedsecuritycontributionbackfill
statsd.statsd.gauge-kafka-lite.broker.by-topic.offsetfetch.github-memex-v0-memexprojectcolumnvaluecreate
statsd.statsd.gauge-kafka-lite.broker.by-topic.offsetfetch.github-memex-v0-memexprojectcolumnvaluedestroy
statsd.statsd.gauge-kafka-lite.broker.by-topic.offsetfetch.github-memex-v0-memexprojectcolumnvalueupdate
statsd.statsd.gauge-kafka-lite.broker.by-topic.offsetfetch.github-memex-v0-memexprojectevent
statsd.statsd.gauge-kafka-lite.broker.by-topic.offsetfetch.github-memex-v0-memexprojectviewcreate
statsd.statsd.gauge-kafka-lite.broker.by-topic.offsetfetch.github-memex-v0-memexprojectviewdestroy
statsd.statsd.gauge-kafka-lite.broker.by-topic.offsetfetch.github-memex-v0-memexprojectviewupdate
statsd.statsd.gauge-kafka-lite.broker.by-topic.offsetfetch.github-memex-v0-projectitemcreate
statsd.statsd.gauge-kafka-lite.broker.by-topic.offsetfetch.github-memex-v0-projectitemdestroy
statsd.statsd.gauge-kafka-lite.broker.by-topic.offsetfetch.github-memex-v0-projectitemupdate
statsd.statsd.gauge-kafka-lite.broker.by-topic.offsetfetch.github-memex-v1-memexprojectcolumndestroy
statsd.statsd.gauge-kafka-lite.broker.by-topic.offsetfetch.github-memex-v1-memexprojectcolumnupdate
statsd.statsd.gauge-kafka-lite.broker.by-topic.offsetfetch.github-memex_automation-v0-issuecreateevent
statsd.statsd.gauge-kafka-lite.broker.by-topic.offsetfetch.github-memex_automation-v0-issueupdateevent
statsd.statsd.gauge-kafka-lite.broker.by-topic.offsetfetch.github-repositories-v1-created
statsd.statsd.gauge-kafka-lite.broker.by-topic.offsetfetch.github-repositories-v1-deleted
statsd.statsd.gauge-kafka-lite.broker.by-topic.offsetfetch.github-repositories-v1-transferred
statsd.statsd.gauge-kafka-lite.broker.by-topic.offsetfetch.github-repositories-v1-visibilitychanged
statsd.statsd.gauge-kafka-lite.broker.by-topic.offsetfetch.github-secret_scanning-v1-issuecommentscan
statsd.statsd.gauge-kafka-lite.broker.by-topic.offsetfetch.github-secret_scanning-v1-issuescan
statsd.statsd.gauge-kafka-lite.broker.by-topic.offsetfetch.github-security_center-v1-securityfeaturerepoupdate
statsd.statsd.gauge-kafka-lite.broker.by-topic.offsetfetch.github-v1-gistpush
statsd.statsd.gauge-kafka-lite.broker.by-topic.offsetfetch.github-v1-issueconvertedtodiscussion
statsd.statsd.gauge-kafka-lite.broker.by-topic.offsetfetch.github-v1-issueupdateassignee
statsd.statsd.gauge-kafka-lite.broker.by-topic.offsetfetch.github-v1-issueupdatelabel
statsd.statsd.gauge-kafka-lite.broker.by-topic.offsetfetch.github-v1-pullrequestupdate
statsd.statsd.gauge-kafka-lite.broker.by-topic.offsetfetch.octochat-v0-login
statsd.statsd.gauge-kafka-lite.broker.by-topic.offsetfetch.pages_deployer-v0-deploymentstatus
statsd.statsd.gauge-kafka-lite.broker.by-topic.offsetfetch.registry_metadata-v0-migrationdatasyncevent
statsd.statsd.gauge-kafka-lite.broker.by-topic.offsetfetch.token_scanning_service-v0-backfillgrouprequest
statsd.statsd.gauge-kafka-lite.broker.by-topic.offsetfetch.token_scanning_service-v0-custompatterndryrunnotify
statsd.statsd.gauge-kafka-lite.broker.by-topic.offsetfetch.token_scanning_service-v0-enablementchange
statsd.statsd.gauge-kafka-lite.broker.by-topic.offsetfetch.token_scanning_service-v0-jobgroupevent
statsd.statsd.gauge-kafka-lite.broker.by-topic.produce.cp1-iad-ingest-audit_log-v2-auditentry
statsd.statsd.gauge-kafka-lite.broker.error.syncgroup
statsd.statsd.gauge-kafka-lite.broker.handle.apiversions-count
statsd.statsd.gauge-kafka-lite.broker.handle.fetch-count
statsd.statsd.gauge-kafka-lite.broker.handle.findcoordinator-count
statsd.statsd.gauge-kafka-lite.broker.handle.heartbeat-count
statsd.statsd.gauge-kafka-lite.broker.handle.joingroup-count
statsd.statsd.gauge-kafka-lite.broker.handle.leavegroup-count
statsd.statsd.gauge-kafka-lite.broker.handle.listoffset-count
statsd.statsd.gauge-kafka-lite.broker.handle.metadata-count
statsd.statsd.gauge-kafka-lite.broker.handle.offsetcommit-count
statsd.statsd.gauge-kafka-lite.broker.handle.offsetfetch-count
statsd.statsd.gauge-kafka-lite.broker.handle.produce-count
statsd.statsd.gauge-kafka-lite.broker.handle.syncgroup-count
statsd.statsd.gauge-kafka-lite.broker.produce-noop.cp1-iad-ingest-github-v1-jobcomplete.bytes
statsd.statsd.gauge-kafka-lite.broker.produce-noop.cp1-iad-ingest-github-v1-jobcomplete.messages
statsd.statsd.gauge-kafka-lite.broker.produce-noop.cp1-iad-ingest-github-v1-request.bytes
statsd.statsd.gauge-kafka-lite.broker.produce-noop.cp1-iad-ingest-github-v1-request.messages
statsd.statsd.gauge-kafka-lite.broker.produce-noop.cp1-iad-ingest-github-v1-usersignup.bytes
statsd.statsd.gauge-kafka-lite.broker.produce-noop.cp1-iad-ingest-github-v1-usersignup.messages
statsd.statsd.gauge-kafka-lite.broker.produce-noop.github-webhooks-v0-droppedeventmetadata.bytes
statsd.statsd.gauge-kafka-lite.broker.produce-noop.github-webhooks-v0-droppedeventmetadata.messages
statsd.statsd.gauge-kafka-lite.broker.produce.cp1-iad-ingest-audit_log-v2-auditentry.bytes
statsd.statsd.gauge-kafka-lite.broker.produce.cp1-iad-ingest-audit_log-v2-auditentry.messages
statsd.statsd.gauge-kafka-lite.coordinator.groups
statsd.statsd.gauge-kafka-lite.proc.goroutines
statsd.statsd.gauge-kafka-lite.proc.memory.allocated
statsd.statsd.gauge-kafka-lite.proc.memory.frees
statsd.statsd.gauge-kafka-lite.proc.memory.gc.pause_per_second
statsd.statsd.gauge-kafka-lite.proc.memory.gc.total_pause
statsd.statsd.gauge-kafka-lite.proc.memory.heap
statsd.statsd.gauge-kafka-lite.proc.memory.mallocs
statsd.statsd.gauge-kafka-lite.proc.memory.stack
statsd.statsd.gauge-kafka-lite.server.bytes-in
statsd.statsd.gauge-kafka-lite.server.bytes-out
statsd.statsd.gauge-kafka-lite.server.connections
statsd.statsd.gauge-kafka-lite.store.topic.audit_log-v2-webauditentry.bytes
statsd.statsd.gauge-kafka-lite.store.topic.code_scanning-v0-failedanalysis.bytes
statsd.statsd.gauge-kafka-lite.store.topic.code_scanning-v0-newanalysis.bytes
statsd.statsd.gauge-kafka-lite.store.topic.code_scanning-v0-processedanalysis.bytes
statsd.statsd.gauge-kafka-lite.store.topic.cp1-iad-ingest-audit_log-v2-auditentry.bytes
statsd.statsd.gauge-kafka-lite.store.topic.cp1-iad-ingest-github-actions-v0-cacheusage.bytes
statsd.statsd.gauge-kafka-lite.store.topic.cp1-iad-ingest-github-actions-v0-jobexecution.bytes
statsd.statsd.gauge-kafka-lite.store.topic.cp1-iad-ingest-github-actions-v0-workflowexecution.bytes
statsd.statsd.gauge-kafka-lite.store.topic.cp1-iad-ingest-github-actions-v0-workflowstatechange.bytes
statsd.statsd.gauge-kafka-lite.store.topic.cp1-iad-ingest-github-billing-v0-meteredadvancedsecuritycontribution-deadletter.bytes
statsd.statsd.gauge-kafka-lite.store.topic.cp1-iad-ingest-github-billing-v0-meteredadvancedsecuritycontribution.bytes
statsd.statsd.gauge-kafka-lite.store.topic.cp1-iad-ingest-github-billing-v0-meteredadvancedsecuritypostreceivebackfill-deadletter.bytes
statsd.statsd.gauge-kafka-lite.store.topic.cp1-iad-ingest-github-billing-v0-meteredadvancedsecuritypostreceivebackfill.bytes
statsd.statsd.gauge-kafka-lite.store.topic.cp1-iad-ingest-github-dependencygraph-v0-repositorymanifestfiledeleted.bytes
statsd.statsd.gauge-kafka-lite.store.topic.cp1-iad-ingest-github-dependencygraph-v1-repositorymanifestfilechange.bytes
statsd.statsd.gauge-kafka-lite.store.topic.cp1-iad-ingest-github-memex-v1-memexprojectcolumncreate.bytes
statsd.statsd.gauge-kafka-lite.store.topic.cp1-iad-ingest-github-security_center-v0-securityfeaturerepoupdate.bytes
statsd.statsd.gauge-kafka-lite.store.topic.cp1-iad-ingest-github-v1-accountrename.bytes
statsd.statsd.gauge-kafka-lite.store.topic.cp1-iad-ingest-github-v1-branchprotectionrulechange.bytes
statsd.statsd.gauge-kafka-lite.store.topic.cp1-iad-ingest-github-v1-checksuitestatuschange.bytes
statsd.statsd.gauge-kafka-lite.store.topic.cp1-iad-ingest-github-v1-environmentdeleted.bytes
statsd.statsd.gauge-kafka-lite.store.topic.cp1-iad-ingest-github-v1-gistcreate.bytes
statsd.statsd.gauge-kafka-lite.store.topic.cp1-iad-ingest-github-v1-gistupdate.bytes
statsd.statsd.gauge-kafka-lite.store.topic.cp1-iad-ingest-github-v1-integrationinstallationcreate.bytes
statsd.statsd.gauge-kafka-lite.store.topic.cp1-iad-ingest-github-v1-integrationinstallationdelete.bytes
statsd.statsd.gauge-kafka-lite.store.topic.cp1-iad-ingest-github-v1-integrationinstallationrepositoriesadded.bytes
statsd.statsd.gauge-kafka-lite.store.topic.cp1-iad-ingest-github-v1-integrationinstallationrepositoriesremoved.bytes
statsd.statsd.gauge-kafka-lite.store.topic.cp1-iad-ingest-github-v1-issueclose.bytes
statsd.statsd.gauge-kafka-lite.store.topic.cp1-iad-ingest-github-v1-issuereopen.bytes
statsd.statsd.gauge-kafka-lite.store.topic.cp1-iad-ingest-github-v1-issueupdatemilestone.bytes
statsd.statsd.gauge-kafka-lite.store.topic.cp1-iad-ingest-github-v1-postreceive.bytes
statsd.statsd.gauge-kafka-lite.store.topic.cp1-iad-ingest-github-v1-pullrequestclose.bytes
statsd.statsd.gauge-kafka-lite.store.topic.cp1-iad-ingest-github-v1-pullrequestcreate.bytes
statsd.statsd.gauge-kafka-lite.store.topic.cp1-iad-ingest-github-v1-pullrequestmerge.bytes
statsd.statsd.gauge-kafka-lite.store.topic.cp1-iad-ingest-github-v1-pullrequestreopen.bytes
statsd.statsd.gauge-kafka-lite.store.topic.cp1-iad-ingest-github-v1-pullrequestreviewsubmit.bytes
statsd.statsd.gauge-kafka-lite.store.topic.cp1-iad-ingest-github-v1-repositoryarchivedstatuschanged.bytes
statsd.statsd.gauge-kafka-lite.store.topic.cp1-iad-ingest-github-v1-repositorycommitstatuscreated.bytes
statsd.statsd.gauge-kafka-lite.store.topic.cp1-iad-ingest-github-v1-repositorydeleted.bytes
statsd.statsd.gauge-kafka-lite.store.topic.cp1-iad-ingest-github-v1-repositorydependencyupdatecleanedup.bytes
statsd.statsd.gauge-kafka-lite.store.topic.cp1-iad-ingest-github-v1-repositorypush.bytes
statsd.statsd.gauge-kafka-lite.store.topic.cp1-iad-ingest-github-v1-repositorytransfer.bytes
statsd.statsd.gauge-kafka-lite.store.topic.cp1-iad-ingest-github-v1-repositoryvulnerabilityalertcreate.bytes
statsd.statsd.gauge-kafka-lite.store.topic.cp1-iad-ingest-github-v1-repositoryvulnerabilityalertresolverequest.bytes
statsd.statsd.gauge-kafka-lite.store.topic.cp1-iad-ingest-github-v1-secretscanconfigchange.bytes
statsd.statsd.gauge-kafka-lite.store.topic.cp1-iad-ingest-github-v1-secretscanningerror.bytes
statsd.statsd.gauge-kafka-lite.store.topic.cp1-iad-ingest-github-v1-securityadvisorypublish.bytes
statsd.statsd.gauge-kafka-lite.store.topic.cp1-iad-ingest-github-v1-securityadvisoryupdate.bytes
statsd.statsd.gauge-kafka-lite.store.topic.cp1-iad-ingest-github-v1-securityadvisorywithdraw.bytes
statsd.statsd.gauge-kafka-lite.store.topic.cp1-iad-ingest-github-v1-securitycenterrepositoryupdate.bytes
statsd.statsd.gauge-kafka-lite.store.topic.cp1-iad-ingest-github-v1-tokenscannotify.bytes
statsd.statsd.gauge-kafka-lite.store.topic.cp1-iad-ingest-github-v1-userdestroy.bytes
statsd.statsd.gauge-kafka-lite.store.topic.cp1-iad-ingest-live_updates-v0-message.bytes
statsd.statsd.gauge-kafka-lite.store.topic.cp1-iad-ingest-package_registry-v0-packagedeleted.bytes
statsd.statsd.gauge-kafka-lite.store.topic.cp1-iad-ingest-package_registry-v0-packagefiledestroyed.bytes
statsd.statsd.gauge-kafka-lite.store.topic.cp1-iad-ingest-package_registry-v0-packagepublished.bytes
statsd.statsd.gauge-kafka-lite.store.topic.cp1-iad-ingest-package_registry-v0-packagetransferred.bytes
statsd.statsd.gauge-kafka-lite.store.topic.cp1-iad-ingest-package_registry-v0-packageversiondeleted.bytes
statsd.statsd.gauge-kafka-lite.store.topic.cp1-iad-ingest-package_registry-v0-packageversiondownloaded.bytes
statsd.statsd.gauge-kafka-lite.store.topic.cp1-iad-ingest-package_registry-v0-packageversionpublished.bytes
statsd.statsd.gauge-kafka-lite.store.topic.cp1-iad-ingest-package_registry-v0-upstreampackagefetched.bytes
statsd.statsd.gauge-kafka-lite.store.topic.cp1-iad-ingest-registry_metadata-v0-indexpackage.bytes
statsd.statsd.gauge-kafka-lite.store.topic.cp1-iad-ingest-registry_metadata-v0-layerdeleted.bytes
statsd.statsd.gauge-kafka-lite.store.topic.cp1-iad-ingest-registry_metadata-v0-layerdownloaded.bytes
statsd.statsd.gauge-kafka-lite.store.topic.cp1-iad-ingest-registry_metadata-v0-layerpublished.bytes
statsd.statsd.gauge-kafka-lite.store.topic.cp1-iad-ingest-registry_metadata-v0-packagedeleted.bytes
statsd.statsd.gauge-kafka-lite.store.topic.cp1-iad-ingest-registry_metadata-v0-packagepublished.bytes
statsd.statsd.gauge-kafka-lite.store.topic.cp1-iad-ingest-registry_metadata-v0-versiondeleted.bytes
statsd.statsd.gauge-kafka-lite.store.topic.cp1-iad-ingest-registry_metadata-v0-versiondownloaded.bytes
statsd.statsd.gauge-kafka-lite.store.topic.cp1-iad-ingest-registry_metadata-v0-versionmigrationinitiated.bytes
statsd.statsd.gauge-kafka-lite.store.topic.cp1-iad-ingest-registry_metadata-v0-versionmigrationstatus.bytes
statsd.statsd.gauge-kafka-lite.store.topic.cp1-iad-ingest-registry_metadata-v0-versionpublished.bytes
statsd.statsd.gauge-kafka-lite.store.topic.cp1-iad-ingest-token_scanning_service-v0-alertevents.bytes
statsd.statsd.gauge-kafka-lite.store.topic.cp1-iad-ingest-token_scanning_service-v0-backfillrequest.bytes
statsd.statsd.gauge-kafka-lite.store.topic.cp1-iad-ingest-turboscan-v0-alertevent.bytes
statsd.statsd.gauge-kafka-lite.store.topic.dependabot-v0-repositoryvulnerabledependenciesfound-deadletter.bytes
statsd.statsd.gauge-kafka-lite.store.topic.dependabot-v0-repositoryvulnerabledependenciesfound.bytes
statsd.statsd.gauge-kafka-lite.store.topic.dependabot-v0-vulnerabledependencyfound-deadletter.bytes
statsd.statsd.gauge-kafka-lite.store.topic.dependabot-v0-vulnerabledependencyfound.bytes
statsd.statsd.gauge-kafka-lite.store.topic.dependabot-v0-vulnerabledependencyprogressupdate-deadletter.bytes
statsd.statsd.gauge-kafka-lite.store.topic.github-billing-v0-meteredadvancedsecuritycontributionbackfill.bytes
statsd.statsd.gauge-kafka-lite.store.topic.github-insights-v0-entitycreated.bytes
statsd.statsd.gauge-kafka-lite.store.topic.github-insights-v0-entitydeleted.bytes
statsd.statsd.gauge-kafka-lite.store.topic.github-insights-v0-entityupdated.bytes
statsd.statsd.gauge-kafka-lite.store.topic.github-memex-v0-memexprojectcolumnvaluecreate.bytes
statsd.statsd.gauge-kafka-lite.store.topic.github-memex-v0-memexprojectcolumnvaluedestroy.bytes
statsd.statsd.gauge-kafka-lite.store.topic.github-memex-v0-memexprojectcolumnvalueupdate.bytes
statsd.statsd.gauge-kafka-lite.store.topic.github-memex-v0-memexprojectevent.bytes
statsd.statsd.gauge-kafka-lite.store.topic.github-memex-v0-memexprojectviewcreate.bytes
statsd.statsd.gauge-kafka-lite.store.topic.github-memex-v0-memexprojectviewdestroy.bytes
statsd.statsd.gauge-kafka-lite.store.topic.github-memex-v0-memexprojectviewupdate.bytes
statsd.statsd.gauge-kafka-lite.store.topic.github-memex-v0-projectitemcreate.bytes
statsd.statsd.gauge-kafka-lite.store.topic.github-memex-v0-projectitemdestroy.bytes
statsd.statsd.gauge-kafka-lite.store.topic.github-memex-v0-projectitemupdate.bytes
statsd.statsd.gauge-kafka-lite.store.topic.github-memex-v1-memexprojectcolumndestroy.bytes
statsd.statsd.gauge-kafka-lite.store.topic.github-memex-v1-memexprojectcolumnupdate.bytes
statsd.statsd.gauge-kafka-lite.store.topic.github-memex_automation-v0-issuecreateevent.bytes
statsd.statsd.gauge-kafka-lite.store.topic.github-memex_automation-v0-issueupdateevent.bytes
statsd.statsd.gauge-kafka-lite.store.topic.github-progress-v0-progressevent-deadletter.bytes
statsd.statsd.gauge-kafka-lite.store.topic.github-progress-v0-progressevent.bytes
statsd.statsd.gauge-kafka-lite.store.topic.github-progress-v0-progressupdate.bytes
statsd.statsd.gauge-kafka-lite.store.topic.github-repositories-v1-created.bytes
statsd.statsd.gauge-kafka-lite.store.topic.github-repositories-v1-deleted.bytes
statsd.statsd.gauge-kafka-lite.store.topic.github-repositories-v1-transferred.bytes
statsd.statsd.gauge-kafka-lite.store.topic.github-repositories-v1-visibilitychanged.bytes
statsd.statsd.gauge-kafka-lite.store.topic.github-secret_scanning-v1-issuecommentscan.bytes
statsd.statsd.gauge-kafka-lite.store.topic.github-secret_scanning-v1-issuescan.bytes
statsd.statsd.gauge-kafka-lite.store.topic.github-security_center-v1-securityfeaturerepoupdate.bytes
statsd.statsd.gauge-kafka-lite.store.topic.github-v1-gistpush.bytes
statsd.statsd.gauge-kafka-lite.store.topic.github-v1-issueconvertedtodiscussion.bytes
statsd.statsd.gauge-kafka-lite.store.topic.github-v1-issueupdateassignee.bytes
statsd.statsd.gauge-kafka-lite.store.topic.github-v1-issueupdatelabel.bytes
statsd.statsd.gauge-kafka-lite.store.topic.github-v1-pullrequestsynchronize.bytes
statsd.statsd.gauge-kafka-lite.store.topic.github-v1-pullrequestupdate.bytes
statsd.statsd.gauge-kafka-lite.store.topic.insights-data_provisioner-v0-dataprovisioningstatus.bytes
statsd.statsd.gauge-kafka-lite.store.topic.insights-data_provisioner-v0-orgdeletionstatus.bytes
statsd.statsd.gauge-kafka-lite.store.topic.octochat-v0-login.bytes
statsd.statsd.gauge-kafka-lite.store.topic.pages_deployer-v0-deploymentstatus.bytes
statsd.statsd.gauge-kafka-lite.store.topic.registry_metadata-v0-layerdeleted-deadletter.bytes
statsd.statsd.gauge-kafka-lite.store.topic.registry_metadata-v0-layerdownloaded-deadletter.bytes
statsd.statsd.gauge-kafka-lite.store.topic.registry_metadata-v0-layerpublished-deadletter.bytes
statsd.statsd.gauge-kafka-lite.store.topic.registry_metadata-v0-migrationdatasyncevent.bytes
statsd.statsd.gauge-kafka-lite.store.topic.token_scanning_service-v0-backfillgrouprequest.bytes
statsd.statsd.gauge-kafka-lite.store.topic.token_scanning_service-v0-custompatterndryrunnotify.bytes
statsd.statsd.gauge-kafka-lite.store.topic.token_scanning_service-v0-enablementchange.bytes
statsd.statsd.gauge-kafka-lite.store.topic.token_scanning_service-v0-githubtokenrevocationevent.bytes
statsd.statsd.gauge-kafka-lite.store.topic.token_scanning_service-v0-jobgroupevent.bytes
statsd.statsd.gauge-kafka-lite.store.topic.token_scanning_service-v0-pullrequestattributionevent.bytes
statsd.statsd.gauge-kafka-lite.store.topic.token_scanning_service-v0-pullrequestcommentevent.bytes
statsd.statsd.gauge-token-scanning-service.UpdateRepoWorker.RunBackfill.count
statsd.statsd.gauge-token-scanning-service.UpdateRepoWorker.RunSync.count
statsd.statsd.gauge-token-scanning-service.aqueduct.active_jobs
statsd.statsd.gauge-token-scanning-service.aqueduct.client.request.count
statsd.statsd.gauge-token-scanning-service.aqueduct.client.request.time-count
statsd.statsd.gauge-token-scanning-service.aqueduct.worker.job.receive.time-count
statsd.statsd.gauge-token-scanning-service.db.sql.idle
statsd.statsd.gauge-token-scanning-service.db.sql.in_use
statsd.statsd.gauge-token-scanning-service.db.sql.max_idle_closed
statsd.statsd.gauge-token-scanning-service.db.sql.max_idle_time_closed
statsd.statsd.gauge-token-scanning-service.db.sql.max_lifetime_closed
statsd.statsd.gauge-token-scanning-service.db.sql.max_open_connections
statsd.statsd.gauge-token-scanning-service.db.sql.open_connections
statsd.statsd.gauge-token-scanning-service.db.sql.wait_count
statsd.statsd.gauge-token-scanning-service.db.sql.wait_duration
statsd.statsd.gauge-token-scanning-service.freno.request_duration-count
statsd.statsd.gauge-token-scanning-service.hcs_upgrade_backfill_scheduler-count
statsd.statsd.gauge-token-scanning-service.hcs_upgrade_backfill_scheduler.ghas_repos
statsd.statsd.gauge-token-scanning-service.hcs_upgrade_backfill_scheduler.repos_without_current_backfill
statsd.statsd.gauge-token-scanning-service.kv_store.get.hit
statsd.statsd.gauge-token-scanning-service.kv_store.get.miss
statsd.statsd.gauge-token-scanning-service.kv_store.put.insert
statsd.statsd.gauge-token-scanning-service.mysql.conn_open
statsd.statsd.gauge-token-scanning-service.mysql.conn_time-count
statsd.statsd.gauge-token-scanning-service.proc.goroutines
statsd.statsd.gauge-token-scanning-service.proc.memory.allocated
statsd.statsd.gauge-token-scanning-service.proc.memory.frees
statsd.statsd.gauge-token-scanning-service.proc.memory.gc.pause_per_second
statsd.statsd.gauge-token-scanning-service.proc.memory.gc.total_pause
statsd.statsd.gauge-token-scanning-service.proc.memory.heap
statsd.statsd.gauge-token-scanning-service.proc.memory.mallocs
statsd.statsd.gauge-token-scanning-service.proc.memory.stack
statsd.statsd.gauge-token-scanning-service.scratch.borrow.new
statsd.statsd.gauge-token-scanning-service.scratch.pool_available
statsd.statsd.gauge-token-scanning-service.scratch.return
statsd.statsd.gauge-token-scanning-service.scratch.return.bytes-count
statsd.statsd.gauge-token-scanning-service.user_api.find_users.startup
statsd.statsd.gauge-turboscan.db.sql.idle
statsd.statsd.gauge-turboscan.db.sql.in_use
statsd.statsd.gauge-turboscan.db.sql.max_idle_closed
statsd.statsd.gauge-turboscan.db.sql.max_idle_time_closed
statsd.statsd.gauge-turboscan.db.sql.max_lifetime_closed
statsd.statsd.gauge-turboscan.db.sql.max_open_connections
statsd.statsd.gauge-turboscan.db.sql.open_connections
statsd.statsd.gauge-turboscan.db.sql.wait_count
statsd.statsd.gauge-turboscan.db.sql.wait_duration
statsd.statsd.gauge-turboscan.kafka.request.latency.milliseconds.avg
statsd.statsd.gauge-turboscan.kafka.request.latency.milliseconds.count
statsd.statsd.gauge-turboscan.kafka.request.latency.milliseconds.max
statsd.statsd.gauge-turboscan.kafka.request.latency.milliseconds.min
statsd.statsd.gauge-turboscan.kafka.request.latency.milliseconds.p50
statsd.statsd.gauge-turboscan.kafka.request.latency.milliseconds.p90
statsd.statsd.gauge-turboscan.kafka.request.latency.milliseconds.p95
statsd.statsd.gauge-turboscan.kafka.request.latency.milliseconds.p99
statsd.statsd.gauge-turboscan.kafka.request.latency.milliseconds.sum
statsd.statsd.gauge-turboscan.kafka.request.pending
statsd.statsd.gauge-turboscan.kafka.request.per_second.15m
statsd.statsd.gauge-turboscan.kafka.request.per_second.1m
statsd.statsd.gauge-turboscan.kafka.request.per_second.5m
statsd.statsd.gauge-turboscan.kafka.request.per_second.avg
statsd.statsd.gauge-turboscan.kafka.request.size.bytes.avg
statsd.statsd.gauge-turboscan.kafka.request.size.bytes.count
statsd.statsd.gauge-turboscan.kafka.request.size.bytes.max
statsd.statsd.gauge-turboscan.kafka.request.size.bytes.min
statsd.statsd.gauge-turboscan.kafka.request.size.bytes.p50
statsd.statsd.gauge-turboscan.kafka.request.size.bytes.p90
statsd.statsd.gauge-turboscan.kafka.request.size.bytes.p95
statsd.statsd.gauge-turboscan.kafka.request.size.bytes.p99
statsd.statsd.gauge-turboscan.kafka.request.size.bytes.sum
statsd.statsd.gauge-turboscan.kafka.response.batch.size.avg
statsd.statsd.gauge-turboscan.kafka.response.batch.size.count
statsd.statsd.gauge-turboscan.kafka.response.batch.size.max
statsd.statsd.gauge-turboscan.kafka.response.batch.size.min
statsd.statsd.gauge-turboscan.kafka.response.batch.size.p50
statsd.statsd.gauge-turboscan.kafka.response.batch.size.p90
statsd.statsd.gauge-turboscan.kafka.response.batch.size.p95
statsd.statsd.gauge-turboscan.kafka.response.batch.size.p99
statsd.statsd.gauge-turboscan.kafka.response.batch.size.sum
statsd.statsd.gauge-turboscan.kafka.response.per_second.15m
statsd.statsd.gauge-turboscan.kafka.response.per_second.1m
statsd.statsd.gauge-turboscan.kafka.response.per_second.5m
statsd.statsd.gauge-turboscan.kafka.response.per_second.avg
statsd.statsd.gauge-turboscan.kafka.response.size.bytes.avg
statsd.statsd.gauge-turboscan.kafka.response.size.bytes.count
statsd.statsd.gauge-turboscan.kafka.response.size.bytes.max
statsd.statsd.gauge-turboscan.kafka.response.size.bytes.min
statsd.statsd.gauge-turboscan.kafka.response.size.bytes.p50
statsd.statsd.gauge-turboscan.kafka.response.size.bytes.p90
statsd.statsd.gauge-turboscan.kafka.response.size.bytes.p95
statsd.statsd.gauge-turboscan.kafka.response.size.bytes.p99
statsd.statsd.gauge-turboscan.kafka.response.size.bytes.sum
statsd.statsd.gauge-turboscan.proc.goroutines
statsd.statsd.gauge-turboscan.proc.memory.allocated
statsd.statsd.gauge-turboscan.proc.memory.frees
statsd.statsd.gauge-turboscan.proc.memory.gc.pause_per_second
statsd.statsd.gauge-turboscan.proc.memory.gc.total_pause
statsd.statsd.gauge-turboscan.proc.memory.heap
statsd.statsd.gauge-turboscan.proc.memory.mallocs
statsd.statsd.gauge-turboscan.proc.memory.stack
statsd.statsd.latency-alive.frontend.service.tick.time-average
statsd.statsd.latency-alive.frontend.service.tick.time-percentile-50
statsd.statsd.latency-alive.frontend.service.tick.time-percentile-90
statsd.statsd.latency-alive.frontend.service.tick.time-percentile-95
statsd.statsd.latency-alive.frontend.service.tick.time-percentile-99
statsd.statsd.latency-alive.frontend.service.tick.time-upper
statsd.statsd.latency-aqueduct-lite.request.time.aqueduct_api_v1.Ack-average
statsd.statsd.latency-aqueduct-lite.request.time.aqueduct_api_v1.Ack-percentile-50
statsd.statsd.latency-aqueduct-lite.request.time.aqueduct_api_v1.Ack-percentile-90
statsd.statsd.latency-aqueduct-lite.request.time.aqueduct_api_v1.Ack-percentile-95
statsd.statsd.latency-aqueduct-lite.request.time.aqueduct_api_v1.Ack-percentile-99
statsd.statsd.latency-aqueduct-lite.request.time.aqueduct_api_v1.Ack-upper
statsd.statsd.latency-aqueduct-lite.request.time.aqueduct_api_v1.Receive-average
statsd.statsd.latency-aqueduct-lite.request.time.aqueduct_api_v1.Receive-percentile-50
statsd.statsd.latency-aqueduct-lite.request.time.aqueduct_api_v1.Receive-percentile-90
statsd.statsd.latency-aqueduct-lite.request.time.aqueduct_api_v1.Receive-percentile-95
statsd.statsd.latency-aqueduct-lite.request.time.aqueduct_api_v1.Receive-percentile-99
statsd.statsd.latency-aqueduct-lite.request.time.aqueduct_api_v1.Receive-upper
statsd.statsd.latency-aqueduct-lite.request.time.aqueduct_api_v1.Send-average
statsd.statsd.latency-aqueduct-lite.request.time.aqueduct_api_v1.Send-percentile-50
statsd.statsd.latency-aqueduct-lite.request.time.aqueduct_api_v1.Send-percentile-90
statsd.statsd.latency-aqueduct-lite.request.time.aqueduct_api_v1.Send-percentile-95
statsd.statsd.latency-aqueduct-lite.request.time.aqueduct_api_v1.Send-percentile-99
statsd.statsd.latency-aqueduct-lite.request.time.aqueduct_api_v1.Send-upper
statsd.statsd.latency-aqueduct-lite.store.queue_depth_scanner.time-average
statsd.statsd.latency-aqueduct-lite.store.queue_depth_scanner.time-percentile-50
statsd.statsd.latency-aqueduct-lite.store.queue_depth_scanner.time-percentile-90
statsd.statsd.latency-aqueduct-lite.store.queue_depth_scanner.time-percentile-95
statsd.statsd.latency-aqueduct-lite.store.queue_depth_scanner.time-percentile-99
statsd.statsd.latency-aqueduct-lite.store.queue_depth_scanner.time-upper
statsd.statsd.latency-aqueduct-lite.store.timeout_scanner.time-average
statsd.statsd.latency-aqueduct-lite.store.timeout_scanner.time-percentile-50
statsd.statsd.latency-aqueduct-lite.store.timeout_scanner.time-percentile-90
statsd.statsd.latency-aqueduct-lite.store.timeout_scanner.time-percentile-95
statsd.statsd.latency-aqueduct-lite.store.timeout_scanner.time-percentile-99
statsd.statsd.latency-aqueduct-lite.store.timeout_scanner.time-upper
statsd.statsd.latency-authzd.mysql.conn_time-average
statsd.statsd.latency-authzd.mysql.conn_time-percentile-50
statsd.statsd.latency-authzd.mysql.conn_time-percentile-90
statsd.statsd.latency-authzd.mysql.conn_time-percentile-95
statsd.statsd.latency-authzd.mysql.conn_time-percentile-99
statsd.statsd.latency-authzd.mysql.conn_time-upper
statsd.statsd.latency-authzd.response_duration-average
statsd.statsd.latency-authzd.response_duration-percentile-50
statsd.statsd.latency-authzd.response_duration-percentile-90
statsd.statsd.latency-authzd.response_duration-percentile-95
statsd.statsd.latency-authzd.response_duration-percentile-99
statsd.statsd.latency-authzd.response_duration-upper
statsd.statsd.latency-authzd.response_size-average
statsd.statsd.latency-authzd.response_size-percentile-50
statsd.statsd.latency-authzd.response_size-percentile-90
statsd.statsd.latency-authzd.response_size-percentile-95
statsd.statsd.latency-authzd.response_size-percentile-99
statsd.statsd.latency-authzd.response_size-upper
statsd.statsd.latency-gitauth.unicorn.other.cpu_time-average
statsd.statsd.latency-gitauth.unicorn.other.cpu_time-percentile-50
statsd.statsd.latency-gitauth.unicorn.other.cpu_time-percentile-90
statsd.statsd.latency-gitauth.unicorn.other.cpu_time-percentile-95
statsd.statsd.latency-gitauth.unicorn.other.cpu_time-percentile-99
statsd.statsd.latency-gitauth.unicorn.other.cpu_time-upper
statsd.statsd.latency-gitauth.unicorn.other.gc.allocations-average
statsd.statsd.latency-gitauth.unicorn.other.gc.allocations-percentile-50
statsd.statsd.latency-gitauth.unicorn.other.gc.allocations-percentile-90
statsd.statsd.latency-gitauth.unicorn.other.gc.allocations-percentile-95
statsd.statsd.latency-gitauth.unicorn.other.gc.allocations-percentile-99
statsd.statsd.latency-gitauth.unicorn.other.gc.allocations-upper
statsd.statsd.latency-gitauth.unicorn.other.gc.time-average
statsd.statsd.latency-gitauth.unicorn.other.gc.time-percentile-50
statsd.statsd.latency-gitauth.unicorn.other.gc.time-percentile-90
statsd.statsd.latency-gitauth.unicorn.other.gc.time-percentile-95
statsd.statsd.latency-gitauth.unicorn.other.gc.time-percentile-99
statsd.statsd.latency-gitauth.unicorn.other.gc.time-upper
statsd.statsd.latency-gitauth.unicorn.other.idle_time-average
statsd.statsd.latency-gitauth.unicorn.other.idle_time-percentile-50
statsd.statsd.latency-gitauth.unicorn.other.idle_time-percentile-90
statsd.statsd.latency-gitauth.unicorn.other.idle_time-percentile-95
statsd.statsd.latency-gitauth.unicorn.other.idle_time-percentile-99
statsd.statsd.latency-gitauth.unicorn.other.idle_time-upper
statsd.statsd.latency-gitauth.unicorn.other.response_time-average
statsd.statsd.latency-gitauth.unicorn.other.response_time-percentile-50
statsd.statsd.latency-gitauth.unicorn.other.response_time-percentile-90
statsd.statsd.latency-gitauth.unicorn.other.response_time-percentile-95
statsd.statsd.latency-gitauth.unicorn.other.response_time-percentile-99
statsd.statsd.latency-gitauth.unicorn.other.response_time-upper
statsd.statsd.latency-github.dgit.gist-maintenance-queries-average
statsd.statsd.latency-github.dgit.gist-maintenance-queries-percentile-50
statsd.statsd.latency-github.dgit.gist-maintenance-queries-percentile-90
statsd.statsd.latency-github.dgit.gist-maintenance-queries-percentile-95
statsd.statsd.latency-github.dgit.gist-maintenance-queries-percentile-99
statsd.statsd.latency-github.dgit.gist-maintenance-queries-upper
statsd.statsd.latency-github.dgit.maintenance-queries-average
statsd.statsd.latency-github.dgit.maintenance-queries-percentile-50
statsd.statsd.latency-github.dgit.maintenance-queries-percentile-90
statsd.statsd.latency-github.dgit.maintenance-queries-percentile-95
statsd.statsd.latency-github.dgit.maintenance-queries-percentile-99
statsd.statsd.latency-github.dgit.maintenance-queries-upper
statsd.statsd.latency-github.unicorn.anon.cpu_time-average
statsd.statsd.latency-github.unicorn.anon.cpu_time-percentile-50
statsd.statsd.latency-github.unicorn.anon.cpu_time-percentile-90
statsd.statsd.latency-github.unicorn.anon.cpu_time-percentile-95
statsd.statsd.latency-github.unicorn.anon.cpu_time-percentile-99
statsd.statsd.latency-github.unicorn.anon.cpu_time-upper
statsd.statsd.latency-github.unicorn.anon.gc.allocations-average
statsd.statsd.latency-github.unicorn.anon.gc.allocations-percentile-50
statsd.statsd.latency-github.unicorn.anon.gc.allocations-percentile-90
statsd.statsd.latency-github.unicorn.anon.gc.allocations-percentile-95
statsd.statsd.latency-github.unicorn.anon.gc.allocations-percentile-99
statsd.statsd.latency-github.unicorn.anon.gc.allocations-upper
statsd.statsd.latency-github.unicorn.anon.gc.time-average
statsd.statsd.latency-github.unicorn.anon.gc.time-percentile-50
statsd.statsd.latency-github.unicorn.anon.gc.time-percentile-90
statsd.statsd.latency-github.unicorn.anon.gc.time-percentile-95
statsd.statsd.latency-github.unicorn.anon.gc.time-percentile-99
statsd.statsd.latency-github.unicorn.anon.gc.time-upper
statsd.statsd.latency-github.unicorn.anon.idle_time-average
statsd.statsd.latency-github.unicorn.anon.idle_time-percentile-50
statsd.statsd.latency-github.unicorn.anon.idle_time-percentile-90
statsd.statsd.latency-github.unicorn.anon.idle_time-percentile-95
statsd.statsd.latency-github.unicorn.anon.idle_time-percentile-99
statsd.statsd.latency-github.unicorn.anon.idle_time-upper
statsd.statsd.latency-github.unicorn.anon.memcached.time-average
statsd.statsd.latency-github.unicorn.anon.memcached.time-percentile-50
statsd.statsd.latency-github.unicorn.anon.memcached.time-percentile-90
statsd.statsd.latency-github.unicorn.anon.memcached.time-percentile-95
statsd.statsd.latency-github.unicorn.anon.memcached.time-percentile-99
statsd.statsd.latency-github.unicorn.anon.memcached.time-upper
statsd.statsd.latency-github.unicorn.anon.mysql.time-average
statsd.statsd.latency-github.unicorn.anon.mysql.time-percentile-50
statsd.statsd.latency-github.unicorn.anon.mysql.time-percentile-90
statsd.statsd.latency-github.unicorn.anon.mysql.time-percentile-95
statsd.statsd.latency-github.unicorn.anon.mysql.time-percentile-99
statsd.statsd.latency-github.unicorn.anon.mysql.time-upper
statsd.statsd.latency-github.unicorn.anon.response_time-average
statsd.statsd.latency-github.unicorn.anon.response_time-percentile-50
statsd.statsd.latency-github.unicorn.anon.response_time-percentile-90
statsd.statsd.latency-github.unicorn.anon.response_time-percentile-95
statsd.statsd.latency-github.unicorn.anon.response_time-percentile-99
statsd.statsd.latency-github.unicorn.anon.response_time-upper
statsd.statsd.latency-github.unicorn.api.cpu_time-average
statsd.statsd.latency-github.unicorn.api.cpu_time-percentile-50
statsd.statsd.latency-github.unicorn.api.cpu_time-percentile-90
statsd.statsd.latency-github.unicorn.api.cpu_time-percentile-95
statsd.statsd.latency-github.unicorn.api.cpu_time-percentile-99
statsd.statsd.latency-github.unicorn.api.cpu_time-upper
statsd.statsd.latency-github.unicorn.api.gc.allocations-average
statsd.statsd.latency-github.unicorn.api.gc.allocations-percentile-50
statsd.statsd.latency-github.unicorn.api.gc.allocations-percentile-90
statsd.statsd.latency-github.unicorn.api.gc.allocations-percentile-95
statsd.statsd.latency-github.unicorn.api.gc.allocations-percentile-99
statsd.statsd.latency-github.unicorn.api.gc.allocations-upper
statsd.statsd.latency-github.unicorn.api.gc.time-average
statsd.statsd.latency-github.unicorn.api.gc.time-percentile-50
statsd.statsd.latency-github.unicorn.api.gc.time-percentile-90
statsd.statsd.latency-github.unicorn.api.gc.time-percentile-95
statsd.statsd.latency-github.unicorn.api.gc.time-percentile-99
statsd.statsd.latency-github.unicorn.api.gc.time-upper
statsd.statsd.latency-github.unicorn.api.idle_time-average
statsd.statsd.latency-github.unicorn.api.idle_time-percentile-50
statsd.statsd.latency-github.unicorn.api.idle_time-percentile-90
statsd.statsd.latency-github.unicorn.api.idle_time-percentile-95
statsd.statsd.latency-github.unicorn.api.idle_time-percentile-99
statsd.statsd.latency-github.unicorn.api.idle_time-upper
statsd.statsd.latency-github.unicorn.api.memcached.time-average
statsd.statsd.latency-github.unicorn.api.memcached.time-percentile-50
statsd.statsd.latency-github.unicorn.api.memcached.time-percentile-90
statsd.statsd.latency-github.unicorn.api.memcached.time-percentile-95
statsd.statsd.latency-github.unicorn.api.memcached.time-percentile-99
statsd.statsd.latency-github.unicorn.api.memcached.time-upper
statsd.statsd.latency-github.unicorn.api.mysql.time-average
statsd.statsd.latency-github.unicorn.api.mysql.time-percentile-50
statsd.statsd.latency-github.unicorn.api.mysql.time-percentile-90
statsd.statsd.latency-github.unicorn.api.mysql.time-percentile-95
statsd.statsd.latency-github.unicorn.api.mysql.time-percentile-99
statsd.statsd.latency-github.unicorn.api.mysql.time-upper
statsd.statsd.latency-github.unicorn.api.response_time-average
statsd.statsd.latency-github.unicorn.api.response_time-percentile-50
statsd.statsd.latency-github.unicorn.api.response_time-percentile-90
statsd.statsd.latency-github.unicorn.api.response_time-percentile-95
statsd.statsd.latency-github.unicorn.api.response_time-percentile-99
statsd.statsd.latency-github.unicorn.api.response_time-upper
statsd.statsd.latency-github.unicorn.browser.requests_per_second-average
statsd.statsd.latency-github.unicorn.browser.requests_per_second-percentile-50
statsd.statsd.latency-github.unicorn.browser.requests_per_second-percentile-90
statsd.statsd.latency-github.unicorn.browser.requests_per_second-percentile-95
statsd.statsd.latency-github.unicorn.browser.requests_per_second-percentile-99
statsd.statsd.latency-github.unicorn.browser.requests_per_second-upper
statsd.statsd.latency-github.unicorn.browser.response_time-average
statsd.statsd.latency-github.unicorn.browser.response_time-percentile-50
statsd.statsd.latency-github.unicorn.browser.response_time-percentile-90
statsd.statsd.latency-github.unicorn.browser.response_time-percentile-95
statsd.statsd.latency-github.unicorn.browser.response_time-percentile-99
statsd.statsd.latency-github.unicorn.browser.response_time-upper
statsd.statsd.latency-github.unicorn.other.cpu_time-average
statsd.statsd.latency-github.unicorn.other.cpu_time-percentile-50
statsd.statsd.latency-github.unicorn.other.cpu_time-percentile-90
statsd.statsd.latency-github.unicorn.other.cpu_time-percentile-95
statsd.statsd.latency-github.unicorn.other.cpu_time-percentile-99
statsd.statsd.latency-github.unicorn.other.cpu_time-upper
statsd.statsd.latency-github.unicorn.other.gc.allocations-average
statsd.statsd.latency-github.unicorn.other.gc.allocations-percentile-50
statsd.statsd.latency-github.unicorn.other.gc.allocations-percentile-90
statsd.statsd.latency-github.unicorn.other.gc.allocations-percentile-95
statsd.statsd.latency-github.unicorn.other.gc.allocations-percentile-99
statsd.statsd.latency-github.unicorn.other.gc.allocations-upper
statsd.statsd.latency-github.unicorn.other.gc.time-average
statsd.statsd.latency-github.unicorn.other.gc.time-percentile-50
statsd.statsd.latency-github.unicorn.other.gc.time-percentile-90
statsd.statsd.latency-github.unicorn.other.gc.time-percentile-95
statsd.statsd.latency-github.unicorn.other.gc.time-percentile-99
statsd.statsd.latency-github.unicorn.other.gc.time-upper
statsd.statsd.latency-github.unicorn.other.idle_time-average
statsd.statsd.latency-github.unicorn.other.idle_time-percentile-50
statsd.statsd.latency-github.unicorn.other.idle_time-percentile-90
statsd.statsd.latency-github.unicorn.other.idle_time-percentile-95
statsd.statsd.latency-github.unicorn.other.idle_time-percentile-99
statsd.statsd.latency-github.unicorn.other.idle_time-upper
statsd.statsd.latency-github.unicorn.other.memcached.time-average
statsd.statsd.latency-github.unicorn.other.memcached.time-percentile-50
statsd.statsd.latency-github.unicorn.other.memcached.time-percentile-90
statsd.statsd.latency-github.unicorn.other.memcached.time-percentile-95
statsd.statsd.latency-github.unicorn.other.memcached.time-percentile-99
statsd.statsd.latency-github.unicorn.other.memcached.time-upper
statsd.statsd.latency-github.unicorn.other.mysql.time-average
statsd.statsd.latency-github.unicorn.other.mysql.time-percentile-50
statsd.statsd.latency-github.unicorn.other.mysql.time-percentile-90
statsd.statsd.latency-github.unicorn.other.mysql.time-percentile-95
statsd.statsd.latency-github.unicorn.other.mysql.time-percentile-99
statsd.statsd.latency-github.unicorn.other.mysql.time-upper
statsd.statsd.latency-github.unicorn.other.response_time-average
statsd.statsd.latency-github.unicorn.other.response_time-percentile-50
statsd.statsd.latency-github.unicorn.other.response_time-percentile-90
statsd.statsd.latency-github.unicorn.other.response_time-percentile-95
statsd.statsd.latency-github.unicorn.other.response_time-percentile-99
statsd.statsd.latency-github.unicorn.other.response_time-upper
statsd.statsd.latency-hookshot.queue.pop-average
statsd.statsd.latency-hookshot.queue.pop-percentile-50
statsd.statsd.latency-hookshot.queue.pop-percentile-90
statsd.statsd.latency-hookshot.queue.pop-percentile-95
statsd.statsd.latency-hookshot.queue.pop-percentile-99
statsd.statsd.latency-hookshot.queue.pop-upper
statsd.statsd.latency-kafka-lite.broker.handle.apiversions-average
statsd.statsd.latency-kafka-lite.broker.handle.apiversions-percentile-50
statsd.statsd.latency-kafka-lite.broker.handle.apiversions-percentile-90
statsd.statsd.latency-kafka-lite.broker.handle.apiversions-percentile-95
statsd.statsd.latency-kafka-lite.broker.handle.apiversions-percentile-99
statsd.statsd.latency-kafka-lite.broker.handle.apiversions-upper
statsd.statsd.latency-kafka-lite.broker.handle.fetch-average
statsd.statsd.latency-kafka-lite.broker.handle.fetch-percentile-50
statsd.statsd.latency-kafka-lite.broker.handle.fetch-percentile-90
statsd.statsd.latency-kafka-lite.broker.handle.fetch-percentile-95
statsd.statsd.latency-kafka-lite.broker.handle.fetch-percentile-99
statsd.statsd.latency-kafka-lite.broker.handle.fetch-upper
statsd.statsd.latency-kafka-lite.broker.handle.findcoordinator-average
statsd.statsd.latency-kafka-lite.broker.handle.findcoordinator-percentile-50
statsd.statsd.latency-kafka-lite.broker.handle.findcoordinator-percentile-90
statsd.statsd.latency-kafka-lite.broker.handle.findcoordinator-percentile-95
statsd.statsd.latency-kafka-lite.broker.handle.findcoordinator-percentile-99
statsd.statsd.latency-kafka-lite.broker.handle.findcoordinator-upper
statsd.statsd.latency-kafka-lite.broker.handle.heartbeat-average
statsd.statsd.latency-kafka-lite.broker.handle.heartbeat-percentile-50
statsd.statsd.latency-kafka-lite.broker.handle.heartbeat-percentile-90
statsd.statsd.latency-kafka-lite.broker.handle.heartbeat-percentile-95
statsd.statsd.latency-kafka-lite.broker.handle.heartbeat-percentile-99
statsd.statsd.latency-kafka-lite.broker.handle.heartbeat-upper
statsd.statsd.latency-kafka-lite.broker.handle.joingroup-average
statsd.statsd.latency-kafka-lite.broker.handle.joingroup-percentile-50
statsd.statsd.latency-kafka-lite.broker.handle.joingroup-percentile-90
statsd.statsd.latency-kafka-lite.broker.handle.joingroup-percentile-95
statsd.statsd.latency-kafka-lite.broker.handle.joingroup-percentile-99
statsd.statsd.latency-kafka-lite.broker.handle.joingroup-upper
statsd.statsd.latency-kafka-lite.broker.handle.leavegroup-average
statsd.statsd.latency-kafka-lite.broker.handle.leavegroup-percentile-50
statsd.statsd.latency-kafka-lite.broker.handle.leavegroup-percentile-90
statsd.statsd.latency-kafka-lite.broker.handle.leavegroup-percentile-95
statsd.statsd.latency-kafka-lite.broker.handle.leavegroup-percentile-99
statsd.statsd.latency-kafka-lite.broker.handle.leavegroup-upper
statsd.statsd.latency-kafka-lite.broker.handle.listoffset-average
statsd.statsd.latency-kafka-lite.broker.handle.listoffset-percentile-50
statsd.statsd.latency-kafka-lite.broker.handle.listoffset-percentile-90
statsd.statsd.latency-kafka-lite.broker.handle.listoffset-percentile-95
statsd.statsd.latency-kafka-lite.broker.handle.listoffset-percentile-99
statsd.statsd.latency-kafka-lite.broker.handle.listoffset-upper
statsd.statsd.latency-kafka-lite.broker.handle.metadata-average
statsd.statsd.latency-kafka-lite.broker.handle.metadata-percentile-50
statsd.statsd.latency-kafka-lite.broker.handle.metadata-percentile-90
statsd.statsd.latency-kafka-lite.broker.handle.metadata-percentile-95
statsd.statsd.latency-kafka-lite.broker.handle.metadata-percentile-99
statsd.statsd.latency-kafka-lite.broker.handle.metadata-upper
statsd.statsd.latency-kafka-lite.broker.handle.offsetcommit-average
statsd.statsd.latency-kafka-lite.broker.handle.offsetcommit-percentile-50
statsd.statsd.latency-kafka-lite.broker.handle.offsetcommit-percentile-90
statsd.statsd.latency-kafka-lite.broker.handle.offsetcommit-percentile-95
statsd.statsd.latency-kafka-lite.broker.handle.offsetcommit-percentile-99
statsd.statsd.latency-kafka-lite.broker.handle.offsetcommit-upper
statsd.statsd.latency-kafka-lite.broker.handle.offsetfetch-average
statsd.statsd.latency-kafka-lite.broker.handle.offsetfetch-percentile-50
statsd.statsd.latency-kafka-lite.broker.handle.offsetfetch-percentile-90
statsd.statsd.latency-kafka-lite.broker.handle.offsetfetch-percentile-95
statsd.statsd.latency-kafka-lite.broker.handle.offsetfetch-percentile-99
statsd.statsd.latency-kafka-lite.broker.handle.offsetfetch-upper
statsd.statsd.latency-kafka-lite.broker.handle.produce-average
statsd.statsd.latency-kafka-lite.broker.handle.produce-percentile-50
statsd.statsd.latency-kafka-lite.broker.handle.produce-percentile-90
statsd.statsd.latency-kafka-lite.broker.handle.produce-percentile-95
statsd.statsd.latency-kafka-lite.broker.handle.produce-percentile-99
statsd.statsd.latency-kafka-lite.broker.handle.produce-upper
statsd.statsd.latency-kafka-lite.broker.handle.syncgroup-average
statsd.statsd.latency-kafka-lite.broker.handle.syncgroup-percentile-50
statsd.statsd.latency-kafka-lite.broker.handle.syncgroup-percentile-90
statsd.statsd.latency-kafka-lite.broker.handle.syncgroup-percentile-95
statsd.statsd.latency-kafka-lite.broker.handle.syncgroup-percentile-99
statsd.statsd.latency-kafka-lite.broker.handle.syncgroup-upper
statsd.statsd.latency-token-scanning-service.aqueduct.client.request.time-average
statsd.statsd.latency-token-scanning-service.aqueduct.client.request.time-percentile-50
statsd.statsd.latency-token-scanning-service.aqueduct.client.request.time-percentile-90
statsd.statsd.latency-token-scanning-service.aqueduct.client.request.time-percentile-95
statsd.statsd.latency-token-scanning-service.aqueduct.client.request.time-percentile-99
statsd.statsd.latency-token-scanning-service.aqueduct.client.request.time-upper
statsd.statsd.latency-token-scanning-service.aqueduct.worker.job.receive.time-average
statsd.statsd.latency-token-scanning-service.aqueduct.worker.job.receive.time-percentile-50
statsd.statsd.latency-token-scanning-service.aqueduct.worker.job.receive.time-percentile-90
statsd.statsd.latency-token-scanning-service.aqueduct.worker.job.receive.time-percentile-95
statsd.statsd.latency-token-scanning-service.aqueduct.worker.job.receive.time-percentile-99
statsd.statsd.latency-token-scanning-service.aqueduct.worker.job.receive.time-upper
statsd.statsd.latency-token-scanning-service.freno.request_duration-average
statsd.statsd.latency-token-scanning-service.freno.request_duration-percentile-50
statsd.statsd.latency-token-scanning-service.freno.request_duration-percentile-90
statsd.statsd.latency-token-scanning-service.freno.request_duration-percentile-95
statsd.statsd.latency-token-scanning-service.freno.request_duration-percentile-99
statsd.statsd.latency-token-scanning-service.freno.request_duration-upper
statsd.statsd.latency-token-scanning-service.hcs_upgrade_backfill_scheduler-average
statsd.statsd.latency-token-scanning-service.hcs_upgrade_backfill_scheduler-percentile-50
statsd.statsd.latency-token-scanning-service.hcs_upgrade_backfill_scheduler-percentile-90
statsd.statsd.latency-token-scanning-service.hcs_upgrade_backfill_scheduler-percentile-95
statsd.statsd.latency-token-scanning-service.hcs_upgrade_backfill_scheduler-percentile-99
statsd.statsd.latency-token-scanning-service.hcs_upgrade_backfill_scheduler-upper
statsd.statsd.latency-token-scanning-service.mysql.conn_time-average
statsd.statsd.latency-token-scanning-service.mysql.conn_time-percentile-50
statsd.statsd.latency-token-scanning-service.mysql.conn_time-percentile-90
statsd.statsd.latency-token-scanning-service.mysql.conn_time-percentile-95
statsd.statsd.latency-token-scanning-service.mysql.conn_time-percentile-99
statsd.statsd.latency-token-scanning-service.mysql.conn_time-upper
statsd.statsd.latency-token-scanning-service.scratch.return.bytes-average
statsd.statsd.latency-token-scanning-service.scratch.return.bytes-percentile-50
statsd.statsd.latency-token-scanning-service.scratch.return.bytes-percentile-90
statsd.statsd.latency-token-scanning-service.scratch.return.bytes-percentile-95
statsd.statsd.latency-token-scanning-service.scratch.return.bytes-percentile-99
statsd.statsd.latency-token-scanning-service.scratch.return.bytes-upper
statsd.statsd.objects-babeld2hydro.version
tcpconns.tcpconns-all.tcp_connections-CLOSED
tcpconns.tcpconns-all.tcp_connections-CLOSE_WAIT
tcpconns.tcpconns-all.tcp_connections-CLOSING
tcpconns.tcpconns-all.tcp_connections-ESTABLISHED
tcpconns.tcpconns-all.tcp_connections-FIN_WAIT1
tcpconns.tcpconns-all.tcp_connections-FIN_WAIT2
tcpconns.tcpconns-all.tcp_connections-LAST_ACK
tcpconns.tcpconns-all.tcp_connections-LISTEN
tcpconns.tcpconns-all.tcp_connections-SYN_RECV
tcpconns.tcpconns-all.tcp_connections-SYN_SENT
tcpconns.tcpconns-all.tcp_connections-TIME_WAIT
tcpconns.tcpconns-{{ PORT }}-local.tcp_connections-CLOSED
tcpconns.tcpconns-{{ PORT }}-local.tcp_connections-CLOSE_WAIT
tcpconns.tcpconns-{{ PORT }}-local.tcp_connections-CLOSING
tcpconns.tcpconns-{{ PORT }}-local.tcp_connections-ESTABLISHED
tcpconns.tcpconns-{{ PORT }}-local.tcp_connections-FIN_WAIT1
tcpconns.tcpconns-{{ PORT }}-local.tcp_connections-FIN_WAIT2
tcpconns.tcpconns-{{ PORT }}-local.tcp_connections-LAST_ACK
tcpconns.tcpconns-{{ PORT }}-local.tcp_connections-LISTEN
tcpconns.tcpconns-{{ PORT }}-local.tcp_connections-SYN_RECV
tcpconns.tcpconns-{{ PORT }}-local.tcp_connections-SYN_SENT
tcpconns.tcpconns-{{ PORT }}-local.tcp_connections-TIME_WAIT
vmem.vmem.vmpage_action-dirtied
vmem.vmem.vmpage_action-written
vmem.vmem.vmpage_faults
vmem.vmem.vmpage_io-memory
vmem.vmem.vmpage_io-swap
vmem.vmem.vmpage_number-active_anon
vmem.vmem.vmpage_number-active_file
vmem.vmem.vmpage_number-anon_pages
vmem.vmem.vmpage_number-anon_transparent_hugepages
vmem.vmem.vmpage_number-bounce
vmem.vmem.vmpage_number-dirty
vmem.vmem.vmpage_number-dirty_background_threshold
vmem.vmem.vmpage_number-dirty_threshold
vmem.vmem.vmpage_number-file_hugepages
vmem.vmem.vmpage_number-file_pages
vmem.vmem.vmpage_number-file_pmdmapped
vmem.vmem.vmpage_number-foll_pin_acquired
vmem.vmem.vmpage_number-foll_pin_released
vmem.vmem.vmpage_number-free_cma
vmem.vmem.vmpage_number-free_pages
vmem.vmem.vmpage_number-inactive_anon
vmem.vmem.vmpage_number-inactive_file
vmem.vmem.vmpage_number-isolated_anon
vmem.vmem.vmpage_number-isolated_file
vmem.vmem.vmpage_number-kernel_misc_reclaimable
vmem.vmem.vmpage_number-kernel_stack
vmem.vmem.vmpage_number-mapped
vmem.vmem.vmpage_number-mlock
vmem.vmem.vmpage_number-page_table_pages
vmem.vmem.vmpage_number-shmem
vmem.vmem.vmpage_number-shmem_hugepages
vmem.vmem.vmpage_number-shmem_pmdmapped
vmem.vmem.vmpage_number-slab_reclaimable
vmem.vmem.vmpage_number-slab_unreclaimable
vmem.vmem.vmpage_number-unevictable
vmem.vmem.vmpage_number-unstable
vmem.vmem.vmpage_number-vmscan_immediate_reclaim
vmem.vmem.vmpage_number-vmscan_write
vmem.vmem.vmpage_number-writeback
vmem.vmem.vmpage_number-writeback_temp
vmem.vmem.vmpage_number-zone_active_anon
vmem.vmem.vmpage_number-zone_active_file
vmem.vmem.vmpage_number-zone_inactive_anon
vmem.vmem.vmpage_number-zone_inactive_file
vmem.vmem.vmpage_number-zone_unevictable
vmem.vmem.vmpage_number-zone_write_pending
vmem.vmem.vmpage_number-zspages
